XL,Ma,P,T,LD,D
0,0.0856215,0.114729,1.68457,7,0.2
0.005,0.0904758,0.108588,1.69464,7,0.2
0.01,0.0945431,0.103192,1.70743,7,0.2
0.015,0.0878099,0.106728,1.75287,7,0.2
0.02,0.0797962,0.110753,1.79935,7,0.2
0.025,0.0610274,0.117469,1.85156,7,0.2
0.03,0.0467774,0.124498,1.90447,7,0.2
0.035,0.0371743,0.132575,1.95971,7,0.2
0.04,0.0306504,0.140632,2.01737,7,0.2
0.045,0.0303324,0.148641,2.08049,7,0.2
0.05,0.0329814,0.156803,2.13456,7,0.2
0.055,0.0384605,0.165206,2.17414,7,0.2
0.06,0.0288699,0.17505,2.24172,7,0.2
0.065,0.011324,0.186574,2.34199,7,0.2
0.07,0.0326648,0.197954,2.44315,7,0.2
0.075,0.0598177,0.209212,2.54508,7,0.2
0.08,0.0743426,0.220962,2.60821,7,0.2
0.085,0.0815159,0.233021,2.64709,7,0.2
0.09,0.100912,0.2494,2.69414,7,0.2
0.095,0.126056,0.267699,2.74483,7,0.2
0.1,0.166247,0.288685,2.83269,7,0.2
0.105,0.211146,0.310478,2.9317,7,0.2
0.11,0.251382,0.33257,3.03155,7,0.2
0.115,0.29099,0.354715,3.13154,7,0.2
0.12,0.313355,0.375511,3.18257,7,0.2
0.125,0.335439,0.396194,3.22951,7,0.2
0.13,0.368938,0.419414,3.2972,7,0.2
0.135,0.402417,0.442986,3.36458,7,0.2
0.14,0.432368,0.470792,3.42821,7,0.2
0.145,0.461,0.498754,3.48759,7,0.2
0.15,0.482047,0.527579,3.5236,7,0.2
0.155,0.504584,0.555839,3.56239,7,0.2
0.16,0.531353,0.58222,3.61039,7,0.2
0.165,0.561274,0.609533,3.66503,7,0.2
0.17,0.597919,0.638944,3.7346,7,0.2
0.175,0.633425,0.670391,3.79981,7,0.2
0.18,0.667136,0.705093,3.85804,7,0.2
0.185,0.694342,0.738049,3.90171,7,0.2
0.19,0.713929,0.76897,3.92838,7,0.2
0.195,0.7381,0.799409,3.96871,7,0.2
0.2,0.766289,0.829434,4.02074,7,0.2
0.205,0.793716,0.861402,4.08192,7,0.2
0.21,0.820955,0.894584,4.14882,7,0.2
0.215,0.840389,0.93108,4.20336,7,0.2
0.22,0.856438,0.969047,4.2524,7,0.2
0.225,0.881634,1.00297,4.29274,7,0.2
0.23,0.909702,1.03569,4.33046,7,0.2
0.235,0.93934,1.06537,4.36131,7,0.2
0.24,0.969324,1.09449,4.39092,7,0.2
0.245,0.990676,1.13009,4.41813,7,0.2
0.25,1.01143,1.16622,4.44514,7,0.2
0.255,1.03044,1.20019,4.47769,7,0.2
0.26,1.0488,1.23425,4.51073,7,0.2
0.265,1.05884,1.26932,4.54978,7,0.2
0.27,1.06836,1.30434,4.58502,7,0.2
0.275,1.07494,1.33905,4.59924,7,0.2
0.28,1.08219,1.37225,4.60997,7,0.2
0.285,1.09129,1.4004,4.60905,7,0.2
0.29,1.10347,1.42963,4.61942,7,0.2
0.295,1.12252,1.46132,4.65521,7,0.2
0.3,1.14054,1.49695,4.6877,7,0.2
0.305,1.15678,1.53889,4.71489,7,0.2
0.31,1.1714,1.58034,4.73525,7,0.2
0.315,1.1841,1.62121,4.74763,7,0.2
0.32,1.19773,1.65827,4.76315,7,0.2
0.325,1.21214,1.69205,4.78137,7,0.2
0.33,1.22617,1.72513,4.79822,7,0.2
0.335,1.23999,1.75776,4.81422,7,0.2
0.34,1.25781,1.79863,4.85191,7,0.2
0.345,1.2774,1.84317,4.89926,7,0.2
0.35,1.2929,1.88446,4.9398,7,0.2
0.355,1.30719,1.92477,4.9783,7,0.2
0.36,1.30942,1.95734,4.98191,7,0.2
0.365,1.30949,1.9885,4.97918,7,0.2
0.37,1.30914,2.02207,4.98004,7,0.2
0.375,1.30877,2.05585,4.98119,7,0.2
0.38,1.30774,2.08435,4.98624,7,0.2
0.385,1.30694,2.11319,4.99168,7,0.2
0.39,1.30854,2.14599,5.00193,7,0.2
0.395,1.31244,2.18006,5.01431,7,0.2
0.4,1.32874,2.22106,5.03846,7,0.2
0.405,1.34425,2.26329,5.06114,7,0.2
0.41,1.35708,2.3096,5.07892,7,0.2
0.415,1.36597,2.35375,5.09426,7,0.2
0.42,1.3659,2.39304,5.1041,7,0.2
0.425,1.36706,2.4287,5.11156,7,0.2
0.43,1.37018,2.45858,5.1152,7,0.2
0.435,1.37402,2.49084,5.11828,7,0.2
0.44,1.37871,2.52588,5.1207,7,0.2
0.445,1.3788,2.56489,5.12929,7,0.2
0.45,1.37496,2.6073,5.14317,7,0.2
0.455,1.36935,2.64755,5.16266,7,0.2
0.46,1.36262,2.68646,5.18564,7,0.2
0.465,1.35996,2.7284,5.2091,7,0.2
0.47,1.35913,2.77169,5.23276,7,0.2
0.475,1.35798,2.82011,5.24596,7,0.2
0.48,1.35674,2.87007,5.25603,7,0.2
0.485,1.35568,2.91097,5.25691,7,0.2
0.49,1.35467,2.95023,5.25612,7,0.2
0.495,1.35499,2.9916,5.2641,7,0.2
0.5,1.35544,3.03314,5.27281,7,0.2
0.505,1.35182,3.08498,5.29731,7,0.2
0.51,1.34803,3.13645,5.32107,7,0.2
0.515,1.34183,3.18353,5.33587,7,0.2
0.52,1.33531,3.23037,5.34588,7,0.2
0.525,1.327,3.27594,5.32954,7,0.2
0.53,1.31844,3.32159,5.31513,7,0.2
0.535,1.30904,3.3675,5.30716,7,0.2
0.54,1.30083,3.41307,5.30251,7,0.2
0.545,1.29523,3.45788,5.30534,7,0.2
0.55,1.29041,3.50629,5.3104,7,0.2
0.555,1.2868,3.56043,5.31906,7,0.2
0.56,1.28145,3.61776,5.33574,7,0.2
0.565,1.27405,3.67882,5.36179,7,0.2
0.57,1.2621,3.74205,5.37438,7,0.2
0.575,1.24626,3.80714,5.37543,7,0.2
0.58,1.22991,3.87532,5.36756,7,0.2
0.585,1.2133,3.94543,5.3541,7,0.2
0.59,1.20251,4.00453,5.35354,7,0.2
0.595,1.19431,4.05874,5.35872,7,0.2
0.6,1.17865,4.10364,5.34831,7,0.2
0.605,1.16076,4.14574,5.33322,7,0.2
0.61,1.14317,4.20992,5.32099,7,0.2
0.615,1.12569,4.27812,5.30928,7,0.2
0.62,1.11381,4.36427,5.30689,7,0.2
0.625,1.10241,4.45191,5.30529,7,0.2
0.63,1.08261,4.52753,5.3025,7,0.2
0.635,1.06321,4.60238,5.30054,7,0.2
0.64,1.048,4.66798,5.30851,7,0.2
0.645,1.03241,4.73388,5.31334,7,0.2
0.65,1.01473,4.80151,5.30093,7,0.2
0.655,0.995676,4.8704,5.2883,7,0.2
0.66,0.972056,4.9435,5.27494,7,0.2
0.665,0.949746,5.01911,5.26402,7,0.2
0.67,0.930315,5.10038,5.25858,7,0.2
0.675,0.911665,5.18461,5.25418,7,0.2
0.68,0.894272,5.27359,5.25144,7,0.2
0.685,0.876726,5.36774,5.24729,7,0.2
0.69,0.859001,5.46791,5.24147,7,0.2
0.695,0.841617,5.57495,5.23473,7,0.2
0.7,0.824575,5.68788,5.22718,7,0.2
0.705,0.805153,5.79461,5.21792,7,0.2
0.71,0.784212,5.89747,5.20758,7,0.2
0.715,0.758664,5.99876,5.18453,7,0.2
0.72,0.731139,6.09936,5.15583,7,0.2
0.725,0.706325,6.21362,5.13581,7,0.2
0.73,0.682332,6.33199,5.11841,7,0.2
0.735,0.66157,6.45141,5.1036,7,0.2
0.74,0.641404,6.57101,5.08926,7,0.2
0.745,0.618621,6.70334,5.0716,7,0.2
0.75,0.595631,6.83673,5.05368,7,0.2
0.755,0.571682,6.9863,5.04459,7,0.2
0.76,0.547784,7.1357,5.03498,7,0.2
0.765,0.524348,7.2831,5.01912,7,0.2
0.77,0.50111,7.43028,5.0027,7,0.2
0.775,0.478307,7.57621,4.98317,7,0.2
0.78,0.455432,7.72548,4.96399,7,0.2
0.785,0.431842,7.88586,4.94596,7,0.2
0.79,0.408233,8.0463,4.92563,7,0.2
0.795,0.384561,8.20687,4.90013,7,0.2
0.8,0.361763,8.36853,4.87296,7,0.2
0.805,0.340377,8.53195,4.84313,7,0.2
0.81,0.318534,8.7103,4.81531,7,0.2
0.815,0.296189,8.90608,4.78982,7,0.2
0.82,0.274519,9.10533,4.76705,7,0.2
0.825,0.253342,9.30758,4.74663,7,0.2
0.83,0.232602,9.50064,4.72134,7,0.2
0.835,0.212391,9.68797,4.69301,7,0.2
0.84,0.193152,9.88364,4.6617,7,0.2
0.845,0.17495,10.083,4.62905,7,0.2
0.85,0.158776,10.2882,4.59677,7,0.2
0.855,0.143894,10.4951,4.5646,7,0.2
0.86,0.128787,10.7056,4.52969,7,0.2
0.865,0.114516,10.9167,4.49428,7,0.2
0.87,0.102601,11.1492,4.46117,7,0.2
0.875,0.0928716,11.3834,4.42826,7,0.2
0.88,0.0903563,11.6137,4.39295,7,0.2
0.885,0.090691,11.8444,4.35744,7,0.2
0.89,0.0900451,12.0799,4.31952,7,0.2
0.895,0.0915983,12.3179,4.28114,7,0.2
0.9,0.0923925,12.5699,4.24016,7,0.2
0.905,0.0952855,12.8224,4.19713,7,0.2
0.91,0.0987711,13.0763,4.14728,7,0.2
0.915,0.103045,13.3365,4.09455,7,0.2
0.92,0.106978,13.6109,4.03531,7,0.2
0.925,0.110398,13.8883,3.97554,7,0.2
0.93,0.112522,14.1705,3.91491,7,0.2
0.935,0.112724,14.4533,3.85486,7,0.2
0.94,0.111124,14.7369,3.7955,7,0.2
0.945,0.109153,15.0224,3.72803,7,0.2
0.95,0.107061,15.3093,3.65359,7,0.2
0.955,0.104823,15.5805,3.56558,7,0.2
0.96,0.103107,15.8417,3.46908,7,0.2
0.965,0.100594,16.0796,3.35442,7,0.2
0.97,0.0995103,16.3071,3.23169,7,0.2
0.975,0.0965742,16.5138,3.07731,7,0.2
0.98,0.0949777,16.7142,2.91345,7,0.2
0.985,0.0879758,16.8365,2.69453,7,0.2
0.99,0.0813336,16.9445,2.46561,7,0.2
0.995,0.075663,17.094,2.32288,7,0.2
1,0.0704371,17.247,2.18734,7,0.2
0,0.161545,0.126439,1.67232,7,0.5
0.005,0.157575,0.121811,1.70278,7,0.5
0.01,0.15445,0.117846,1.73458,7,0.5
0.015,0.152525,0.12184,1.78251,7,0.5
0.02,0.148669,0.126463,1.83403,7,0.5
0.025,0.133413,0.134545,1.90529,7,0.5
0.03,0.113403,0.143728,1.98519,7,0.5
0.035,0.0783314,0.156574,2.09387,7,0.5
0.04,0.0563188,0.170377,2.21321,7,0.5
0.045,0.0805848,0.186328,2.35655,7,0.5
0.05,0.138425,0.204423,2.51247,7,0.5
0.055,0.215048,0.225948,2.68853,7,0.5
0.06,0.304951,0.25066,2.86328,7,0.5
0.065,0.408514,0.27909,3.0365,7,0.5
0.07,0.502222,0.308904,3.2046,7,0.5
0.075,0.587417,0.339904,3.3683,7,0.5
0.08,0.661533,0.370893,3.51793,7,0.5
0.085,0.728916,0.401874,3.65876,7,0.5
0.09,0.8256,0.436252,3.83199,7,0.5
0.095,0.935394,0.47214,4.01961,7,0.5
0.1,1.04456,0.510909,4.21491,7,0.5
0.105,1.15369,0.550542,4.41251,7,0.5
0.11,1.23887,0.5891,4.5447,7,0.5
0.115,1.32015,0.627463,4.66499,7,0.5
0.12,1.39482,0.674144,4.79585,7,0.5
0.125,1.46943,0.721518,4.92759,7,0.5
0.13,1.53898,0.767584,5.05201,7,0.5
0.135,1.60923,0.812965,5.1736,7,0.5
0.14,1.68377,0.850115,5.26139,7,0.5
0.145,1.75408,0.887811,5.34797,7,0.5
0.15,1.80037,0.928506,5.42789,7,0.5
0.155,1.84736,0.970837,5.51136,7,0.5
0.16,1.89532,1.01862,5.6067,7,0.5
0.165,1.94983,1.06504,5.70849,7,0.5
0.17,2.01851,1.10837,5.82479,7,0.5
0.175,2.08065,1.15165,5.92893,7,0.5
0.18,2.13222,1.19484,6.0136,7,0.5
0.185,2.1754,1.23914,6.0802,7,0.5
0.19,2.20889,1.28472,6.12571,7,0.5
0.195,2.23823,1.32348,6.1643,7,0.5
0.2,2.26414,1.35638,6.19694,7,0.5
0.205,2.29045,1.39116,6.2377,7,0.5
0.21,2.31701,1.42709,6.28353,7,0.5
0.215,2.34811,1.47541,6.34157,7,0.5
0.22,2.38122,1.52923,6.40504,7,0.5
0.225,2.41325,1.58131,6.46473,7,0.5
0.23,2.4451,1.63286,6.52329,7,0.5
0.235,2.47056,1.66888,6.55664,7,0.5
0.24,2.49501,1.70207,6.58542,7,0.5
0.245,2.51154,1.73282,6.59668,7,0.5
0.25,2.52749,1.76337,6.60648,7,0.5
0.255,2.53829,1.80275,6.6193,7,0.5
0.26,2.55035,1.84265,6.63468,7,0.5
0.265,2.57686,1.88882,6.68083,7,0.5
0.27,2.60379,1.93472,6.72674,7,0.5
0.275,2.63287,1.97911,6.77131,7,0.5
0.28,2.65797,2.02032,6.80582,7,0.5
0.285,2.6696,2.05092,6.8068,7,0.5
0.29,2.67957,2.0826,6.80688,7,0.5
0.295,2.68568,2.1167,6.80498,7,0.5
0.3,2.69752,2.15458,6.81558,7,0.5
0.305,2.71834,2.19847,6.84618,7,0.5
0.31,2.74171,2.24183,6.88171,7,0.5
0.315,2.76803,2.28455,6.92301,7,0.5
0.32,2.78629,2.32742,6.95746,7,0.5
0.325,2.79766,2.37042,6.98605,7,0.5
0.33,2.81071,2.41232,7.01781,7,0.5
0.335,2.82482,2.45354,7.05154,7,0.5
0.34,2.84353,2.49249,7.08314,7,0.5
0.345,2.8643,2.53045,7.11379,7,0.5
0.35,2.87573,2.57087,7.13263,7,0.5
0.355,2.88442,2.61204,7.14793,7,0.5
0.36,2.89223,2.65321,7.16045,7,0.5
0.365,2.89991,2.69439,7.17246,7,0.5
0.37,2.9016,2.73028,7.17032,7,0.5
0.375,2.9028,2.76574,7.16701,7,0.5
0.38,2.8905,2.80949,7.16507,7,0.5
0.385,2.87987,2.85311,7.16537,7,0.5
0.39,2.8887,2.89504,7.19262,7,0.5
0.395,2.89945,2.9364,7.22243,7,0.5
0.4,2.92068,2.97462,7.26631,7,0.5
0.405,2.93844,3.01434,7.30928,7,0.5
0.41,2.94462,3.05906,7.34926,7,0.5
0.415,2.94963,3.10302,7.38517,7,0.5
0.42,2.95199,3.1453,7.41192,7,0.5
0.425,2.95353,3.18537,7.43005,7,0.5
0.43,2.95378,3.2219,7.43439,7,0.5
0.435,2.95533,3.25914,7.42844,7,0.5
0.44,2.95841,3.2972,7.41051,7,0.5
0.445,2.96242,3.33625,7.40318,7,0.5
0.45,2.96721,3.37616,7.40494,7,0.5
0.455,2.97065,3.41754,7.41483,7,0.5
0.46,2.97326,3.45984,7.4298,7,0.5
0.465,2.97793,3.50878,7.44488,7,0.5
0.47,2.98353,3.56068,7.46001,7,0.5
0.475,2.98362,3.6129,7.48513,7,0.5
0.48,2.98208,3.66521,7.51326,7,0.5
0.485,2.98544,3.7083,7.53196,7,0.5
0.49,2.98969,3.7497,7.54895,7,0.5
0.495,2.99648,3.79195,7.5635,7,0.5
0.5,3.0035,3.83426,7.57785,7,0.5
0.505,2.99009,3.88674,7.59685,7,0.5
0.51,2.97636,3.93974,7.61448,7,0.5
0.515,2.95858,3.99894,7.61568,7,0.5
0.52,2.94154,4.05929,7.61738,7,0.5
0.525,2.92845,4.126,7.62189,7,0.5
0.53,2.91434,4.19234,7.63038,7,0.5
0.535,2.8968,4.25743,7.6522,7,0.5
0.54,2.88242,4.31802,7.67545,7,0.5
0.545,2.87517,4.3685,7.70188,7,0.5
0.55,2.86561,4.42504,7.72382,7,0.5
0.555,2.85242,4.49128,7.73854,7,0.5
0.56,2.83717,4.56129,7.75148,7,0.5
0.565,2.81952,4.63572,7.76234,7,0.5
0.57,2.81191,4.69592,7.78186,7,0.5
0.575,2.81289,4.74393,7.8088,7,0.5
0.58,2.80592,4.79949,7.82775,7,0.5
0.585,2.794,4.85977,7.84171,7,0.5
0.59,2.77392,4.92781,7.84389,7,0.5
0.595,2.75022,4.99931,7.84083,7,0.5
0.6,2.71973,5.07299,7.83928,7,0.5
0.605,2.68721,5.14731,7.83818,7,0.5
0.61,2.65282,5.22949,7.84101,7,0.5
0.615,2.61811,5.31309,7.84456,7,0.5
0.62,2.58848,5.39567,7.85101,7,0.5
0.625,2.55929,5.47815,7.85771,7,0.5
0.63,2.53044,5.56308,7.8713,7,0.5
0.635,2.50181,5.64823,7.88541,7,0.5
0.64,2.47529,5.73593,7.90583,7,0.5
0.645,2.44828,5.82341,7.92611,7,0.5
0.65,2.41833,5.90973,7.94561,7,0.5
0.655,2.3882,5.99664,7.9602,7,0.5
0.66,2.35737,6.08556,7.95837,7,0.5
0.665,2.32787,6.17647,7.95666,7,0.5
0.67,2.30132,6.27186,7.95521,7,0.5
0.675,2.27557,6.37014,7.95322,7,0.5
0.68,2.25108,6.47306,7.95034,7,0.5
0.685,2.22674,6.57659,7.94708,7,0.5
0.69,2.20257,6.68082,7.94337,7,0.5
0.695,2.17467,6.79127,7.94592,7,0.5
0.7,2.14362,6.90706,7.95386,7,0.5
0.705,2.10311,7.03137,7.95118,7,0.5
0.71,2.05676,7.16101,7.94188,7,0.5
0.715,2.01166,7.28816,7.93289,7,0.5
0.72,1.96711,7.41419,7.92403,7,0.5
0.725,1.92594,7.54059,7.91462,7,0.5
0.73,1.88583,7.66709,7.90505,7,0.5
0.735,1.84709,7.79286,7.88124,7,0.5
0.74,1.8087,7.91849,7.85484,7,0.5
0.745,1.76855,8.04776,7.83174,7,0.5
0.75,1.72834,8.17733,7.80891,7,0.5
0.755,1.68558,8.3182,7.79304,7,0.5
0.76,1.64298,8.45916,7.77677,7,0.5
0.765,1.60097,8.60111,7.75569,7,0.5
0.77,1.55862,8.74382,7.73372,7,0.5
0.775,1.51395,8.89075,7.70682,7,0.5
0.78,1.46942,9.04274,7.68112,7,0.5
0.785,1.42491,9.2116,7.65941,7,0.5
0.79,1.38156,9.38372,7.63723,7,0.5
0.795,1.34066,9.56319,7.61403,7,0.5
0.8,1.30288,9.74145,7.58838,7,0.5
0.805,1.27003,9.91775,7.55879,7,0.5
0.81,1.2379,10.097,7.52913,7,0.5
0.815,1.20648,10.2795,7.4994,7,0.5
0.82,1.17272,10.4647,7.46732,7,0.5
0.825,1.13697,10.652,7.43321,7,0.5
0.83,1.10259,10.8453,7.40167,7,0.5
0.835,1.06916,11.0425,7.37173,7,0.5
0.84,1.03603,11.2324,7.33143,7,0.5
0.845,1.00307,11.4192,7.28653,7,0.5
0.85,0.967561,11.6102,7.23275,7,0.5
0.855,0.931488,11.8024,7.1763,7,0.5
0.86,0.894324,12.0337,7.12572,7,0.5
0.865,0.857276,12.2722,7.07622,7,0.5
0.87,0.821129,12.4994,7.02473,7,0.5
0.875,0.785365,12.7257,6.97307,7,0.5
0.88,0.750891,12.922,6.91378,7,0.5
0.885,0.716768,13.1201,6.85415,7,0.5
0.89,0.68474,13.3399,6.79052,7,0.5
0.895,0.652679,13.5656,6.72451,7,0.5
0.9,0.619781,13.824,6.64549,7,0.5
0.905,0.586061,14.0821,6.56427,7,0.5
0.91,0.548927,14.3397,6.47569,7,0.5
0.915,0.512292,14.59,6.38745,7,0.5
0.92,0.476607,14.8244,6.29997,7,0.5
0.925,0.439396,15.0676,6.20609,7,0.5
0.93,0.399664,15.3249,6.10196,7,0.5
0.935,0.357502,15.6099,5.98583,7,0.5
0.94,0.312643,15.9274,5.8557,7,0.5
0.945,0.268117,16.2483,5.70958,7,0.5
0.95,0.224304,16.5721,5.54973,7,0.5
0.955,0.181769,16.8964,5.36974,7,0.5
0.96,0.143484,17.221,5.17714,7,0.5
0.965,0.115651,17.5762,4.95408,7,0.5
0.97,0.102083,17.9451,4.71747,7,0.5
0.975,0.1036,18.3122,4.4234,7,0.5
0.98,0.115285,18.6788,4.11209,7,0.5
0.985,0.119622,18.9955,3.70028,7,0.5
0.99,0.123257,19.3031,3.27021,7,0.5
0.995,0.11857,20.1635,3.00517,7,0.5
1,0.113228,21.0699,2.75389,7,0.5
0,0.212631,0.102989,1.76338,7,0.8
0.005,0.173606,0.117905,1.87765,7,0.8
0.01,0.136604,0.13457,2.00662,7,0.8
0.015,0.168755,0.172209,2.31212,7,0.8
0.02,0.341222,0.213979,2.63882,7,0.8
0.025,0.650207,0.278472,3.08214,7,0.8
0.03,0.970512,0.347202,3.52597,7,0.8
0.035,1.31601,0.430056,3.97149,7,0.8
0.04,1.64722,0.514389,4.39026,7,0.8
0.045,1.94738,0.60205,4.74885,7,0.8
0.05,2.23132,0.689779,5.07018,7,0.8
0.055,2.48893,0.777615,5.33188,7,0.8
0.06,2.73516,0.861,5.56256,7,0.8
0.065,2.96751,0.939194,5.75706,7,0.8
0.07,3.17731,1.01304,5.93764,7,0.8
0.075,3.36786,1.08315,6.10629,7,0.8
0.08,3.53471,1.1454,6.23447,7,0.8
0.085,3.68714,1.20273,6.33734,7,0.8
0.09,3.83221,1.25289,6.41998,7,0.8
0.095,3.97436,1.29985,6.49361,7,0.8
0.1,4.07529,1.35931,6.58086,7,0.8
0.105,4.16432,1.42252,6.67221,7,0.8
0.11,4.23913,1.48316,6.74739,7,0.8
0.115,4.31185,1.54333,6.81963,7,0.8
0.12,4.39432,1.59281,6.86518,7,0.8
0.125,4.47803,1.6414,6.9085,7,0.8
0.13,4.54687,1.68907,6.95321,7,0.8
0.135,4.61629,1.73603,6.99634,7,0.8
0.14,4.68861,1.77439,7.02052,7,0.8
0.145,4.75954,1.81273,7.04306,7,0.8
0.15,4.82158,1.85097,7.05656,7,0.8
0.155,4.88193,1.88827,7.07071,7,0.8
0.16,4.93614,1.92246,7.08706,7,0.8
0.165,4.98607,1.95898,7.10186,7,0.8
0.17,5.02611,2.00073,7.1132,7,0.8
0.175,5.0663,2.04473,7.12846,7,0.8
0.18,5.10655,2.09234,7.15,7,0.8
0.185,5.15363,2.13348,7.17465,7,0.8
0.19,5.20862,2.16708,7.20295,7,0.8
0.195,5.24619,2.20559,7.23823,7,0.8
0.2,5.26888,2.24832,7.27949,7,0.8
0.205,5.28636,2.28937,7.31141,7,0.8
0.21,5.30063,2.32938,7.33749,7,0.8
0.215,5.33406,2.35856,7.346,7,0.8
0.22,5.37603,2.38292,7.3467,7,0.8
0.225,5.40242,2.41965,7.34918,7,0.8
0.23,5.4242,2.46009,7.3522,7,0.8
0.235,5.42922,2.50697,7.3623,7,0.8
0.24,5.43126,2.55502,7.37368,7,0.8
0.245,5.44522,2.59362,7.383,7,0.8
0.25,5.46022,2.63143,7.39215,7,0.8
0.255,5.46823,2.67128,7.39956,7,0.8
0.26,5.47742,2.70996,7.40653,7,0.8
0.265,5.50006,2.73472,7.40839,7,0.8
0.27,5.52378,2.75859,7.41058,7,0.8
0.275,5.5532,2.7776,7.41458,7,0.8
0.28,5.57759,2.80006,7.42056,7,0.8
0.285,5.58514,2.834,7.43315,7,0.8
0.29,5.59284,2.86788,7.44606,7,0.8
0.295,5.60082,2.90166,7.4597,7,0.8
0.3,5.61194,2.93367,7.47647,7,0.8
0.305,5.62806,2.96284,7.49827,7,0.8
0.31,5.6403,2.99319,7.51373,7,0.8
0.315,5.64803,3.02489,7.52178,7,0.8
0.32,5.64814,3.06183,7.52952,7,0.8
0.325,5.64171,3.10324,7.537,7,0.8
0.33,5.64514,3.13805,7.53882,7,0.8
0.335,5.65474,3.16875,7.5371,7,0.8
0.34,5.67068,3.19443,7.53824,7,0.8
0.345,5.68946,3.21789,7.54065,7,0.8
0.35,5.68582,3.26543,7.56946,7,0.8
0.355,5.67548,3.3202,7.6062,7,0.8
0.36,5.6671,3.36842,7.63848,7,0.8
0.365,5.6591,3.41546,7.66995,7,0.8
0.37,5.6667,3.43714,7.68415,7,0.8
0.375,5.67563,3.45672,7.69691,7,0.8
0.38,5.68197,3.47895,7.69558,7,0.8
0.385,5.68817,3.5013,7.69389,7,0.8
0.39,5.69256,3.52516,7.68801,7,0.8
0.395,5.69282,3.55379,7.68727,7,0.8
0.4,5.67025,3.60866,7.71485,7,0.8
0.405,5.64799,3.66349,7.74527,7,0.8
0.41,5.62673,3.71819,7.78512,7,0.8
0.415,5.61425,3.76054,7.81264,7,0.8
0.42,5.62151,3.7751,7.81242,7,0.8
0.425,5.62554,3.79429,7.81524,7,0.8
0.43,5.62439,3.82089,7.82293,7,0.8
0.435,5.61285,3.86057,7.84138,7,0.8
0.44,5.58922,3.91552,7.87236,7,0.8
0.445,5.5666,3.96645,7.89914,7,0.8
0.45,5.54487,4.01394,7.92232,7,0.8
0.455,5.53042,4.05348,7.94278,7,0.8
0.46,5.52054,4.08806,7.96154,7,0.8
0.465,5.51598,4.12344,7.98021,7,0.8
0.47,5.51377,4.15918,7.99884,7,0.8
0.475,5.51502,4.19019,8.01646,7,0.8
0.48,5.5173,4.21978,8.03378,7,0.8
0.485,5.50336,4.26537,8.05571,7,0.8
0.49,5.48649,4.31388,8.07849,7,0.8
0.495,5.45979,4.37607,8.11456,7,0.8
0.5,5.4323,4.4394,8.15173,7,0.8
0.505,5.41757,4.47979,8.17276,7,0.8
0.51,5.40344,4.51967,8.1928,7,0.8
0.515,5.39632,4.55349,8.20108,7,0.8
0.52,5.3869,4.59223,8.213,7,0.8
0.525,5.36481,4.65797,8.24489,7,0.8
0.53,5.34118,4.7245,8.27867,7,0.8
0.535,5.31241,4.79366,8.31875,7,0.8
0.54,5.28376,4.86011,8.3527,7,0.8
0.545,5.25534,4.92045,8.37287,7,0.8
0.55,5.22418,4.98473,8.39705,7,0.8
0.555,5.18865,5.05528,8.42764,7,0.8
0.56,5.1632,5.11333,8.45888,7,0.8
0.565,5.14951,5.15679,8.49089,7,0.8
0.57,5.13015,5.21071,8.52595,7,0.8
0.575,5.10593,5.2736,8.56363,7,0.8
0.58,5.06904,5.35045,8.60338,7,0.8
0.585,5.02425,5.43602,8.64444,7,0.8
0.59,4.99058,5.4993,8.67415,7,0.8
0.595,4.96187,5.55267,8.69883,7,0.8
0.6,4.93426,5.607,8.73478,7,0.8
0.605,4.90698,5.66162,8.77411,7,0.8
0.61,4.87255,5.7348,8.81566,7,0.8
0.615,4.83683,5.81136,8.85762,7,0.8
0.62,4.79546,5.90436,8.89825,7,0.8
0.625,4.75367,5.99873,8.93878,7,0.8
0.63,4.71034,6.10469,8.98018,7,0.8
0.635,4.66789,6.20931,9.02021,7,0.8
0.64,4.63558,6.29791,9.04398,7,0.8
0.645,4.60243,6.38645,9.06806,7,0.8
0.65,4.56461,6.47472,9.0939,7,0.8
0.655,4.526,6.56731,9.12431,7,0.8
0.66,4.48473,6.67434,9.16997,7,0.8
0.665,4.44247,6.78392,9.2146,7,0.8
0.67,4.39793,6.89925,9.2569,7,0.8
0.675,4.34786,7.02215,9.3002,7,0.8
0.68,4.28893,7.15718,9.34508,7,0.8
0.685,4.23444,7.28213,9.38343,7,0.8
0.69,4.1851,7.39534,9.41416,7,0.8
0.695,4.14174,7.49561,9.43289,7,0.8
0.7,4.10353,7.58479,9.44131,7,0.8
0.705,4.0544,7.70267,9.45695,7,0.8
0.71,3.99848,7.83848,9.4771,7,0.8
0.715,3.93543,7.991,9.5056,7,0.8
0.72,3.86927,8.15095,9.53782,7,0.8
0.725,3.81381,8.2924,9.5711,7,0.8
0.73,3.76163,8.4283,9.60469,7,0.8
0.735,3.71126,8.55246,9.63321,7,0.8
0.74,3.66132,8.67449,9.66081,7,0.8
0.745,3.60234,8.81804,9.67251,7,0.8
0.75,3.5427,8.9634,9.6829,7,0.8
0.755,3.47772,9.13163,9.68774,7,0.8
0.76,3.41301,9.29967,9.69241,7,0.8
0.765,3.35068,9.46529,9.69491,7,0.8
0.77,3.2891,9.62952,9.69811,7,0.8
0.775,3.23116,9.78605,9.70515,7,0.8
0.78,3.17388,9.94264,9.71033,7,0.8
0.785,3.11853,10.0995,9.70932,7,0.8
0.79,3.0624,10.2601,9.70692,7,0.8
0.795,3.00436,10.4291,9.70136,7,0.8
0.8,2.94309,10.6116,9.69332,7,0.8
0.805,2.87655,10.8157,9.68132,7,0.8
0.81,2.81306,11.0169,9.66332,7,0.8
0.815,2.75314,11.2147,9.63831,7,0.8
0.82,2.69549,11.4072,9.61211,7,0.8
0.825,2.63982,11.595,9.58489,7,0.8
0.83,2.58401,11.7973,9.55577,7,0.8
0.835,2.52811,12.0084,9.52546,7,0.8
0.84,2.47261,12.2179,9.49239,7,0.8
0.845,2.41737,12.4265,9.45808,7,0.8
0.85,2.35943,12.6177,9.41379,7,0.8
0.855,2.30095,12.8036,9.3665,7,0.8
0.86,2.24517,13.0034,9.31729,7,0.8
0.865,2.19005,13.2057,9.26774,7,0.8
0.87,2.13465,13.4277,9.21205,7,0.8
0.875,2.07936,13.6512,9.15585,7,0.8
0.88,2.02304,13.8698,9.09663,7,0.8
0.885,1.96668,14.0899,9.03618,7,0.8
0.89,1.90711,14.3293,8.96105,7,0.8
0.895,1.84704,14.5695,8.88323,7,0.8
0.9,1.78252,14.8146,8.79066,7,0.8
0.905,1.71811,15.0619,8.69849,7,0.8
0.91,1.65332,15.3163,8.60766,7,0.8
0.915,1.58833,15.5754,8.51327,7,0.8
0.92,1.52256,15.8447,8.41092,7,0.8
0.925,1.45255,16.1322,8.29624,7,0.8
0.93,1.37558,16.4487,8.16182,7,0.8
0.935,1.29398,16.7822,8.01035,7,0.8
0.94,1.20701,17.1358,7.83899,7,0.8
0.945,1.11642,17.5158,7.64599,7,0.8
0.95,1.02281,17.9186,7.43442,7,0.8
0.955,0.922165,18.3721,7.18536,7,0.8
0.96,0.817243,18.8572,6.91286,7,0.8
0.965,0.704056,19.4259,6.58275,7,0.8
0.97,0.587481,20.0318,6.22703,7,0.8
0.975,0.466323,20.7553,5.78328,7,0.8
0.98,0.344113,21.5141,5.31312,7,0.8
0.985,0.236503,22.3139,4.68557,7,0.8
0.99,0.131588,23.1212,4.02941,7,0.8
0.995,0.0827581,25.7386,3.62247,7,0.8
1,0.0386274,28.5069,3.23632,7,0.8
0,0.0987808,0.0775895,1.60653,9,0.2
0.005,0.0690652,0.075998,1.675,9,0.2
0.01,0.0466533,0.0844157,1.76536,9,0.2
0.015,0.0338887,0.0956773,1.87652,9,0.2
0.02,0.0554466,0.10631,1.95732,9,0.2
0.025,0.0751289,0.116534,2.05594,9,0.2
0.03,0.0974554,0.126451,2.17262,9,0.2
0.035,0.1289,0.138527,2.34662,9,0.2
0.04,0.137064,0.150677,2.4754,9,0.2
0.045,0.132769,0.162866,2.56221,9,0.2
0.05,0.142158,0.174488,2.58482,9,0.2
0.055,0.170487,0.188175,2.65039,9,0.2
0.06,0.208763,0.203751,2.75164,9,0.2
0.065,0.265645,0.222697,2.86623,9,0.2
0.07,0.311893,0.242461,2.9709,9,0.2
0.075,0.349356,0.263265,3.0716,9,0.2
0.08,0.393099,0.289233,3.21673,9,0.2
0.085,0.456016,0.316706,3.36535,9,0.2
0.09,0.53028,0.344496,3.50829,9,0.2
0.095,0.580785,0.364532,3.56813,9,0.2
0.1,0.613976,0.391316,3.59631,9,0.2
0.105,0.639025,0.423664,3.61096,9,0.2
0.11,0.694847,0.464675,3.69288,9,0.2
0.115,0.750825,0.501778,3.81164,9,0.2
0.12,0.802313,0.537079,3.94379,9,0.2
0.125,0.82548,0.577367,4.00226,9,0.2
0.13,0.861585,0.616538,4.07309,9,0.2
0.135,0.905153,0.654291,4.15159,9,0.2
0.14,0.950284,0.687198,4.2322,9,0.2
0.145,0.991015,0.724343,4.28065,9,0.2
0.15,1.02941,0.764732,4.3163,9,0.2
0.155,1.06895,0.810129,4.38134,9,0.2
0.16,1.08891,0.857085,4.43076,9,0.2
0.165,1.09967,0.904596,4.46728,9,0.2
0.17,1.11494,0.950782,4.47969,9,0.2
0.175,1.14104,0.992312,4.5253,9,0.2
0.18,1.1733,1.03056,4.58865,9,0.2
0.185,1.20982,1.06417,4.65892,9,0.2
0.19,1.23822,1.10387,4.67783,9,0.2
0.195,1.26233,1.14634,4.67585,9,0.2
0.2,1.28382,1.18884,4.68447,9,0.2
0.205,1.32334,1.22506,4.7417,9,0.2
0.21,1.3672,1.2613,4.82052,9,0.2
0.215,1.39822,1.30767,4.90277,9,0.2
0.22,1.40719,1.35612,4.93161,9,0.2
0.225,1.4104,1.40373,4.94348,9,0.2
0.23,1.42309,1.44558,4.96984,9,0.2
0.235,1.45554,1.48361,5.00793,9,0.2
0.24,1.48948,1.52088,5.03555,9,0.2
0.245,1.50491,1.56023,5.01608,9,0.2
0.25,1.51123,1.60357,5.03655,9,0.2
0.255,1.51708,1.64656,5.0711,9,0.2
0.26,1.53065,1.68458,5.10712,9,0.2
0.265,1.54629,1.72501,5.12767,9,0.2
0.27,1.5657,1.76801,5.15182,9,0.2
0.275,1.59353,1.81592,5.19901,9,0.2
0.28,1.61387,1.8523,5.21753,9,0.2
0.285,1.63353,1.88279,5.23112,9,0.2
0.29,1.65699,1.90681,5.25318,9,0.2
0.295,1.68221,1.94431,5.28919,9,0.2
0.3,1.69844,1.99002,5.32016,9,0.2
0.305,1.6924,2.04664,5.33062,9,0.2
0.31,1.69279,2.09854,5.34539,9,0.2
0.315,1.70107,2.14025,5.36077,9,0.2
0.32,1.72322,2.16214,5.37523,9,0.2
0.325,1.75565,2.18249,5.40571,9,0.2
0.33,1.7889,2.20917,5.44091,9,0.2
0.335,1.81913,2.24951,5.47859,9,0.2
0.34,1.82878,2.29176,5.49258,9,0.2
0.345,1.83442,2.32847,5.4973,9,0.2
0.35,1.84005,2.35388,5.49318,9,0.2
0.355,1.84659,2.3934,5.50278,9,0.2
0.36,1.84787,2.44447,5.51074,9,0.2
0.365,1.83949,2.51179,5.51141,9,0.2
0.37,1.8482,2.55924,5.5229,9,0.2
0.375,1.86409,2.59769,5.54319,9,0.2
0.38,1.88755,2.62619,5.57547,9,0.2
0.385,1.88701,2.64706,5.55595,9,0.2
0.39,1.88127,2.66571,5.52967,9,0.2
0.395,1.87235,2.68247,5.50379,9,0.2
0.4,1.86964,2.71611,5.52331,9,0.2
0.405,1.87407,2.75089,5.55601,9,0.2
0.41,1.88799,2.78447,5.60037,9,0.2
0.415,1.90422,2.8091,5.63058,9,0.2
0.42,1.91813,2.83895,5.65667,9,0.2
0.425,1.92849,2.87726,5.67896,9,0.2
0.43,1.93733,2.92002,5.68837,9,0.2
0.435,1.95456,2.96096,5.70592,9,0.2
0.44,1.98297,2.99904,5.73551,9,0.2
0.445,2.00012,3.04062,5.75247,9,0.2
0.45,2.00097,3.08487,5.7467,9,0.2
0.455,1.98262,3.13216,5.71387,9,0.2
0.46,1.9851,3.18002,5.71324,9,0.2
0.465,2.00068,3.22189,5.7339,9,0.2
0.47,2.03035,3.25677,5.77753,9,0.2
0.475,2.05051,3.28949,5.82549,9,0.2
0.48,2.05995,3.32628,5.85466,9,0.2
0.485,2.05801,3.36759,5.86314,9,0.2
0.49,2.04153,3.39614,5.83226,9,0.2
0.495,2.02984,3.4246,5.8136,9,0.2
0.5,2.02325,3.45316,5.80814,9,0.2
0.505,2.03253,3.50192,5.8415,9,0.2
0.51,2.03977,3.54623,5.86371,9,0.2
0.515,2.0449,3.5862,5.87489,9,0.2
0.52,2.04547,3.62339,5.87171,9,0.2
0.525,2.04946,3.66267,5.87884,9,0.2
0.53,2.0563,3.70417,5.89497,9,0.2
0.535,2.05402,3.75594,5.89768,9,0.2
0.54,2.05299,3.80261,5.90805,9,0.2
0.545,2.05276,3.84441,5.924,9,0.2
0.55,2.04668,3.87581,5.91825,9,0.2
0.555,2.03412,3.91834,5.9079,9,0.2
0.56,2.01705,3.96894,5.89496,9,0.2
0.565,2.01182,4.00432,5.90011,9,0.2
0.57,2.01913,4.03,5.91577,9,0.2
0.575,2.03464,4.05121,5.93779,9,0.2
0.58,2.03202,4.10864,5.9393,9,0.2
0.585,2.01965,4.16378,5.93311,9,0.2
0.59,2.001,4.21542,5.92321,9,0.2
0.595,1.98945,4.24831,5.93178,9,0.2
0.6,1.98068,4.29181,5.94863,9,0.2
0.605,1.97393,4.34167,5.97054,9,0.2
0.61,1.96845,4.38474,5.988,9,0.2
0.615,1.94562,4.44216,5.96964,9,0.2
0.62,1.91412,4.50647,5.93328,9,0.2
0.625,1.89989,4.55444,5.93167,9,0.2
0.63,1.89718,4.58722,5.93671,9,0.2
0.635,1.8987,4.61602,5.9452,9,0.2
0.64,1.88334,4.67754,5.95054,9,0.2
0.645,1.87076,4.73269,5.96245,9,0.2
0.65,1.86022,4.78634,5.97298,9,0.2
0.655,1.8524,4.85165,5.95478,9,0.2
0.66,1.83579,4.92189,5.93773,9,0.2
0.665,1.8139,4.99422,5.9231,9,0.2
0.67,1.78846,5.06397,5.9178,9,0.2
0.675,1.76506,5.14501,5.92477,9,0.2
0.68,1.74261,5.22938,5.93504,9,0.2
0.685,1.71981,5.30365,5.93294,9,0.2
0.69,1.69486,5.38437,5.92919,9,0.2
0.695,1.66827,5.46783,5.92442,9,0.2
0.7,1.63886,5.55041,5.91851,9,0.2
0.705,1.60393,5.63216,5.88955,9,0.2
0.71,1.5692,5.71473,5.85747,9,0.2
0.715,1.54404,5.80175,5.85077,9,0.2
0.72,1.51765,5.88954,5.85066,9,0.2
0.725,1.4869,5.97874,5.8468,9,0.2
0.73,1.44274,6.07173,5.82089,9,0.2
0.735,1.39858,6.17332,5.78732,9,0.2
0.74,1.3578,6.27895,5.75618,9,0.2
0.745,1.32781,6.38734,5.74175,9,0.2
0.75,1.29741,6.5139,5.7355,9,0.2
0.755,1.26441,6.64983,5.731,9,0.2
0.76,1.22414,6.79516,5.72348,9,0.2
0.765,1.18414,6.93286,5.70573,9,0.2
0.77,1.14443,7.07105,5.68047,9,0.2
0.775,1.10526,7.21707,5.64347,9,0.2
0.78,1.06884,7.36334,5.61752,9,0.2
0.785,1.03159,7.50566,5.59772,9,0.2
0.79,0.990294,7.63784,5.58544,9,0.2
0.795,0.944611,7.78701,5.57642,9,0.2
0.8,0.897841,7.94287,5.55772,9,0.2
0.805,0.851271,8.10394,5.51427,9,0.2
0.81,0.809115,8.26305,5.46136,9,0.2
0.815,0.769172,8.43559,5.40872,9,0.2
0.82,0.731682,8.6386,5.36166,9,0.2
0.825,0.692669,8.84975,5.3253,9,0.2
0.83,0.655544,9.06841,5.29633,9,0.2
0.835,0.622948,9.29879,5.27773,9,0.2
0.84,0.589451,9.55048,5.25543,9,0.2
0.845,0.553957,9.80494,5.231,9,0.2
0.85,0.514886,10.0567,5.20386,9,0.2
0.855,0.475393,10.3077,5.16086,9,0.2
0.86,0.435228,10.555,5.11073,9,0.2
0.865,0.394099,10.7959,5.05279,9,0.2
0.87,0.357759,11.0618,4.99806,9,0.2
0.875,0.323852,11.3478,4.9435,9,0.2
0.88,0.292772,11.6611,4.88839,9,0.2
0.885,0.261333,11.9536,4.83728,9,0.2
0.89,0.229789,12.2499,4.78903,9,0.2
0.895,0.197746,12.5566,4.74443,9,0.2
0.9,0.168865,12.8538,4.69005,9,0.2
0.905,0.144431,13.1472,4.63202,9,0.2
0.91,0.125365,13.4369,4.57029,9,0.2
0.915,0.112039,13.7749,4.51167,9,0.2
0.92,0.0992796,14.113,4.45166,9,0.2
0.925,0.0877585,14.4445,4.38926,9,0.2
0.93,0.079755,14.7968,4.31972,9,0.2
0.935,0.0799585,15.162,4.24629,9,0.2
0.94,0.0854346,15.5418,4.16853,9,0.2
0.945,0.0856162,15.9048,4.09107,9,0.2
0.95,0.084403,16.2828,4.01007,9,0.2
0.955,0.0817448,16.6807,3.92468,9,0.2
0.96,0.0794462,17.0607,3.81437,9,0.2
0.965,0.078496,17.4324,3.69351,9,0.2
0.97,0.0795972,17.7951,3.56173,9,0.2
0.975,0.0817671,18.1749,3.39004,9,0.2
0.98,0.0856376,18.5165,3.19143,9,0.2
0.985,0.090124,18.8158,2.96473,9,0.2
0.99,0.0817133,19.0192,2.65219,9,0.2
0.995,0.0738216,19.1606,2.40045,9,0.2
1,0.0654283,19.7177,2.21269,9,0.2
0,0.152156,0.0954396,1.63006,9,0.5
0.005,0.137138,0.0915338,1.69249,9,0.5
0.01,0.115975,0.0972678,1.78931,9,0.5
0.015,0.0947166,0.105513,1.91968,9,0.5
0.02,0.106175,0.117582,2.06024,9,0.5
0.025,0.127639,0.134677,2.22041,9,0.5
0.03,0.151223,0.156484,2.40062,9,0.5
0.035,0.230999,0.182054,2.65004,9,0.5
0.04,0.349115,0.20918,2.913,9,0.5
0.045,0.49016,0.237914,3.18658,9,0.5
0.05,0.635923,0.272376,3.43799,9,0.5
0.055,0.76529,0.309705,3.6832,9,0.5
0.06,0.878604,0.34965,3.91858,9,0.5
0.065,0.949531,0.394186,4.07851,9,0.5
0.07,1.03444,0.442993,4.24559,9,0.5
0.075,1.13334,0.495104,4.42528,9,0.5
0.08,1.28255,0.547783,4.69364,9,0.5
0.085,1.45067,0.594974,4.92981,9,0.5
0.09,1.6293,0.637656,5.13507,9,0.5
0.095,1.7719,0.674553,5.26086,9,0.5
0.1,1.88537,0.716058,5.38756,9,0.5
0.105,1.97561,0.761644,5.51105,9,0.5
0.11,2.03496,0.815556,5.60186,9,0.5
0.115,2.0602,0.872975,5.66417,9,0.5
0.12,2.06957,0.932122,5.71629,9,0.5
0.125,2.11801,0.987605,5.82658,9,0.5
0.13,2.19826,1.0397,5.95292,9,0.5
0.135,2.29179,1.0899,6.08069,9,0.5
0.14,2.34882,1.14094,6.15604,9,0.5
0.145,2.40518,1.18941,6.21687,9,0.5
0.15,2.4575,1.23873,6.26858,9,0.5
0.155,2.48891,1.30095,6.31449,9,0.5
0.16,2.54723,1.35689,6.38376,9,0.5
0.165,2.6206,1.40792,6.4631,9,0.5
0.17,2.69974,1.45071,6.53156,9,0.5
0.175,2.76233,1.49055,6.58861,9,0.5
0.18,2.81672,1.5288,6.64218,9,0.5
0.185,2.86852,1.56644,6.70533,9,0.5
0.19,2.88545,1.62364,6.74934,9,0.5
0.195,2.89142,1.68668,6.78565,9,0.5
0.2,2.91763,1.73691,6.82624,9,0.5
0.205,2.95413,1.77301,6.85027,9,0.5
0.21,2.9949,1.80553,6.87141,9,0.5
0.215,3.03498,1.84727,6.90828,9,0.5
0.22,3.05986,1.90046,6.93031,9,0.5
0.225,3.07206,1.95798,6.9407,9,0.5
0.23,3.06103,2.01482,6.93109,9,0.5
0.235,3.07895,2.05495,6.96071,9,0.5
0.24,3.1124,2.08711,7.00309,9,0.5
0.245,3.16162,2.1134,7.04025,9,0.5
0.25,3.20263,2.14512,7.06107,9,0.5
0.255,3.23437,2.18416,7.07553,9,0.5
0.26,3.24701,2.23925,7.08763,9,0.5
0.265,3.25872,2.29399,7.10538,9,0.5
0.27,3.27483,2.34376,7.12467,9,0.5
0.275,3.30373,2.3803,7.14339,9,0.5
0.28,3.3256,2.40372,7.14089,9,0.5
0.285,3.34742,2.42756,7.13768,9,0.5
0.29,3.37424,2.46204,7.14815,9,0.5
0.295,3.40381,2.51037,7.19506,9,0.5
0.3,3.43475,2.55449,7.24641,9,0.5
0.305,3.46718,2.58013,7.28555,9,0.5
0.31,3.4857,2.60924,7.29405,9,0.5
0.315,3.499,2.64254,7.2938,9,0.5
0.32,3.50799,2.68321,7.29052,9,0.5
0.325,3.51791,2.73732,7.28651,9,0.5
0.33,3.52914,2.79188,7.28613,9,0.5
0.335,3.54261,2.84138,7.29347,9,0.5
0.34,3.56722,2.87545,7.31279,9,0.5
0.345,3.59299,2.90824,7.32791,9,0.5
0.35,3.61679,2.94441,7.33049,9,0.5
0.355,3.64359,2.97902,7.33644,9,0.5
0.36,3.6691,3.01775,7.35672,9,0.5
0.365,3.69127,3.06434,7.40161,9,0.5
0.37,3.69604,3.1085,7.43471,9,0.5
0.375,3.70126,3.14912,7.45639,9,0.5
0.38,3.71174,3.18444,7.46197,9,0.5
0.385,3.73354,3.22397,7.46599,9,0.5
0.39,3.75411,3.26606,7.47099,9,0.5
0.395,3.77021,3.3113,7.47788,9,0.5
0.4,3.76046,3.35535,7.48456,9,0.5
0.405,3.75462,3.39693,7.50152,9,0.5
0.41,3.75903,3.43503,7.53375,9,0.5
0.415,3.78343,3.46457,7.55363,9,0.5
0.42,3.80057,3.49806,7.55729,9,0.5
0.425,3.80484,3.53824,7.54003,9,0.5
0.43,3.85109,3.55541,7.55487,9,0.5
0.435,3.88844,3.57178,7.5707,9,0.5
0.44,3.90968,3.58952,7.58445,9,0.5
0.445,3.90067,3.62556,7.57724,9,0.5
0.45,3.90456,3.65806,7.56273,9,0.5
0.455,3.92674,3.68476,7.54084,9,0.5
0.46,3.92017,3.74657,7.55059,9,0.5
0.465,3.92703,3.79306,7.57642,9,0.5
0.47,3.95102,3.81988,7.61921,9,0.5
0.475,3.97085,3.8339,7.62429,9,0.5
0.48,3.98154,3.85783,7.63367,9,0.5
0.485,3.98238,3.89303,7.64901,9,0.5
0.49,3.96692,3.93456,7.65784,9,0.5
0.495,3.9434,3.9802,7.65577,9,0.5
0.5,3.9118,4.02999,7.64257,9,0.5
0.505,3.92417,4.06544,7.65959,9,0.5
0.51,3.93787,4.1014,7.68075,9,0.5
0.515,3.95217,4.13826,7.70554,9,0.5
0.52,3.92285,4.20194,7.70643,9,0.5
0.525,3.90439,4.26111,7.70389,9,0.5
0.53,3.89672,4.31547,7.69855,9,0.5
0.535,3.91747,4.34742,7.70379,9,0.5
0.54,3.92959,4.37275,7.70585,9,0.5
0.545,3.93362,4.39283,7.70491,9,0.5
0.55,3.92288,4.42296,7.69804,9,0.5
0.555,3.89737,4.48241,7.70164,9,0.5
0.56,3.86274,4.56251,7.71495,9,0.5
0.565,3.87312,4.59368,7.74786,9,0.5
0.57,3.89289,4.60871,7.77092,9,0.5
0.575,3.91742,4.61435,7.78568,9,0.5
0.58,3.91216,4.65625,7.79076,9,0.5
0.585,3.90348,4.70048,7.80738,9,0.5
0.59,3.89182,4.74622,7.83111,9,0.5
0.595,3.87487,4.79039,7.84299,9,0.5
0.6,3.84096,4.85112,7.84608,9,0.5
0.605,3.79874,4.92217,7.84484,9,0.5
0.61,3.78323,4.98586,7.85731,9,0.5
0.615,3.79163,5.02381,7.8776,9,0.5
0.62,3.81116,5.04767,7.90328,9,0.5
0.625,3.80093,5.08795,7.93217,9,0.5
0.63,3.77735,5.1403,7.95006,9,0.5
0.635,3.74473,5.20381,7.95954,9,0.5
0.64,3.70518,5.29301,7.9571,9,0.5
0.645,3.67353,5.37981,7.96895,9,0.5
0.65,3.64829,5.46073,7.99082,9,0.5
0.655,3.63461,5.51578,8.02439,9,0.5
0.66,3.6061,5.58791,8.04376,9,0.5
0.665,3.56753,5.67277,8.0561,9,0.5
0.67,3.51698,5.77698,8.07045,9,0.5
0.675,3.47724,5.86296,8.08104,9,0.5
0.68,3.44435,5.93576,8.08962,9,0.5
0.685,3.41855,5.98897,8.09736,9,0.5
0.69,3.39411,6.05279,8.12458,9,0.5
0.695,3.36477,6.12649,8.15395,9,0.5
0.7,3.31246,6.22106,8.1554,9,0.5
0.705,3.25591,6.32891,8.14711,9,0.5
0.71,3.20302,6.44339,8.14117,9,0.5
0.715,3.17078,6.56166,8.15982,9,0.5
0.72,3.12908,6.6785,8.16856,9,0.5
0.725,3.08054,6.79777,8.17355,9,0.5
0.73,3.02131,6.92742,8.17913,9,0.5
0.735,2.9632,7.0613,8.1927,9,0.5
0.74,2.90718,7.19617,8.20991,9,0.5
0.745,2.85654,7.32923,8.22935,9,0.5
0.75,2.80028,7.47529,8.25347,9,0.5
0.755,2.74134,7.62388,8.27059,9,0.5
0.76,2.68015,7.76689,8.26241,9,0.5
0.765,2.6195,7.89572,8.2455,9,0.5
0.77,2.55736,8.02714,8.23247,9,0.5
0.775,2.49039,8.17773,8.23743,9,0.5
0.78,2.4357,8.35445,8.23911,9,0.5
0.785,2.3821,8.5446,8.23503,9,0.5
0.79,2.32235,8.74963,8.21883,9,0.5
0.795,2.26108,8.94083,8.21894,9,0.5
0.8,2.20029,9.13294,8.22413,9,0.5
0.805,2.14154,9.3358,8.2311,9,0.5
0.81,2.07674,9.55144,8.22257,9,0.5
0.815,2.01265,9.76214,8.20496,9,0.5
0.82,1.95319,9.95531,8.17561,9,0.5
0.825,1.88634,10.1693,8.13475,9,0.5
0.83,1.81645,10.3855,8.09023,9,0.5
0.835,1.74358,10.5969,8.04335,9,0.5
0.84,1.67567,10.8146,8.00276,9,0.5
0.845,1.61123,11.0511,7.96209,9,0.5
0.85,1.55153,11.3214,7.91893,9,0.5
0.855,1.49255,11.6003,7.86288,9,0.5
0.86,1.43431,11.878,7.80881,9,0.5
0.865,1.37685,12.1509,7.76237,9,0.5
0.87,1.31638,12.4343,7.71442,9,0.5
0.875,1.25415,12.7237,7.65954,9,0.5
0.88,1.18948,13.0205,7.59339,9,0.5
0.885,1.1301,13.3362,7.52316,9,0.5
0.89,1.07481,13.6395,7.45744,9,0.5
0.895,1.02442,13.9191,7.3997,9,0.5
0.9,0.970975,14.1814,7.32695,9,0.5
0.905,0.915036,14.4554,7.24458,9,0.5
0.91,0.85623,14.7499,7.15053,9,0.5
0.915,0.805257,15.0415,7.0614,9,0.5
0.92,0.756685,15.3368,6.96991,9,0.5
0.925,0.71016,15.6375,6.87444,9,0.5
0.93,0.659873,15.9885,6.75851,9,0.5
0.935,0.606051,16.351,6.63118,9,0.5
0.94,0.547868,16.7232,6.49105,9,0.5
0.945,0.485679,17.1176,6.3415,9,0.5
0.95,0.42374,17.5439,6.18481,9,0.5
0.955,0.362405,18.0079,6.02006,9,0.5
0.96,0.299103,18.4299,5.81167,9,0.5
0.965,0.237628,18.8845,5.57944,9,0.5
0.97,0.180155,19.3794,5.32188,9,0.5
0.975,0.134083,19.9377,5.00231,9,0.5
0.98,0.106236,20.4821,4.63144,9,0.5
0.985,0.10393,21.0091,4.20653,9,0.5
0.99,0.100911,21.4717,3.61626,9,0.5
0.995,0.0976925,21.7945,3.14057,9,0.5
1,0.0894579,23.805,2.78551,9,0.5
0,0.162446,0.0749749,1.74502,9,0.8
0.005,0.121197,0.102505,1.91121,9,0.8
0.01,0.195555,0.139032,2.24536,9,0.8
0.015,0.456269,0.194207,2.74465,9,0.8
0.02,0.902521,0.274782,3.38448,9,0.8
0.025,1.36425,0.363044,3.98779,9,0.8
0.03,1.83875,0.458721,4.55365,9,0.8
0.035,2.25412,0.566898,4.98737,9,0.8
0.04,2.61501,0.674429,5.35122,9,0.8
0.045,2.928,0.780403,5.64985,9,0.8
0.05,3.18648,0.864993,5.84053,9,0.8
0.055,3.43205,0.943793,5.99833,9,0.8
0.06,3.66244,1.01919,6.13112,9,0.8
0.065,3.82206,1.11492,6.2897,9,0.8
0.07,3.99534,1.19794,6.42694,9,0.8
0.075,4.18,1.26935,6.5439,9,0.8
0.08,4.37739,1.31706,6.61162,9,0.8
0.085,4.52257,1.37677,6.68496,9,0.8
0.09,4.62698,1.44462,6.76122,9,0.8
0.095,4.6965,1.50747,6.82597,9,0.8
0.1,4.77953,1.55421,6.85691,9,0.8
0.105,4.86993,1.59169,6.86472,9,0.8
0.11,4.94498,1.64319,6.86998,9,0.8
0.115,5.01607,1.69974,6.89065,9,0.8
0.12,5.09026,1.75535,6.91751,9,0.8
0.125,5.20458,1.78039,6.918,9,0.8
0.13,5.29422,1.80786,6.91967,9,0.8
0.135,5.36296,1.84093,6.92711,9,0.8
0.14,5.39113,1.9008,6.96723,9,0.8
0.145,5.42505,1.96225,7.00749,9,0.8
0.15,5.46443,2.02237,7.04562,9,0.8
0.155,5.51647,2.06993,7.07113,9,0.8
0.16,5.55675,2.12639,7.09494,9,0.8
0.165,5.5881,2.18823,7.1176,9,0.8
0.17,5.60517,2.25383,7.13893,9,0.8
0.175,5.63472,2.30232,7.14825,9,0.8
0.18,5.67026,2.34056,7.14911,9,0.8
0.185,5.70524,2.37012,7.13813,9,0.8
0.19,5.73047,2.40422,7.15012,9,0.8
0.195,5.75608,2.43727,7.1688,9,0.8
0.2,5.8016,2.45728,7.17165,9,0.8
0.205,5.84903,2.47479,7.15103,9,0.8
0.21,5.89265,2.49393,7.12316,9,0.8
0.215,5.91875,2.52326,7.10563,9,0.8
0.22,5.92589,2.57046,7.11814,9,0.8
0.225,5.92532,2.62448,7.14664,9,0.8
0.23,5.92398,2.67761,7.18933,9,0.8
0.235,5.93161,2.7172,7.20327,9,0.8
0.24,5.94165,2.75207,7.20303,9,0.8
0.245,5.94885,2.78773,7.19127,9,0.8
0.25,5.97747,2.79967,7.16118,9,0.8
0.255,6.01103,2.80668,7.13428,9,0.8
0.26,6.03767,2.82292,7.1351,9,0.8
0.265,6.04591,2.86638,7.16166,9,0.8
0.27,6.05196,2.91282,7.18549,9,0.8
0.275,6.06774,2.94417,7.17997,9,0.8
0.28,6.07914,2.97168,7.17124,9,0.8
0.285,6.08883,2.99695,7.15975,9,0.8
0.29,6.09735,3.01935,7.14361,9,0.8
0.295,6.11001,3.03421,7.13361,9,0.8
0.3,6.12419,3.04965,7.12496,9,0.8
0.305,6.13939,3.07112,7.11564,9,0.8
0.31,6.14306,3.10639,7.11513,9,0.8
0.315,6.14264,3.14419,7.12106,9,0.8
0.32,6.13931,3.18025,7.13645,9,0.8
0.325,6.16592,3.18326,7.11271,9,0.8
0.33,6.19823,3.18088,7.08263,9,0.8
0.335,6.2288,3.18218,7.05703,9,0.8
0.34,6.22284,3.21682,7.07125,9,0.8
0.345,6.20775,3.25577,7.09129,9,0.8
0.35,6.18886,3.29043,7.10751,9,0.8
0.355,6.19566,3.30043,7.10033,9,0.8
0.36,6.20102,3.31723,7.09678,9,0.8
0.365,6.19575,3.35394,7.10708,9,0.8
0.37,6.20229,3.38221,7.11901,9,0.8
0.375,6.20905,3.40998,7.12745,9,0.8
0.38,6.21307,3.43913,7.1296,9,0.8
0.385,6.21291,3.46258,7.11812,9,0.8
0.39,6.21516,3.4812,7.11322,9,0.8
0.395,6.22208,3.49339,7.12161,9,0.8
0.4,6.2215,3.51708,7.13825,9,0.8
0.405,6.22285,3.53665,7.14554,9,0.8
0.41,6.22838,3.54813,7.13755,9,0.8
0.415,6.21896,3.57759,7.15308,9,0.8
0.42,6.20355,3.61456,7.17332,9,0.8
0.425,6.18186,3.65953,7.19691,9,0.8
0.43,6.1727,3.68821,7.19751,9,0.8
0.435,6.16447,3.72007,7.20159,9,0.8
0.44,6.15613,3.7578,7.21266,9,0.8
0.445,6.16032,3.78521,7.21468,9,0.8
0.45,6.17998,3.792,7.20118,9,0.8
0.455,6.21774,3.77418,7.16923,9,0.8
0.46,6.23457,3.78541,7.16335,9,0.8
0.465,6.23568,3.81048,7.16955,9,0.8
0.47,6.21968,3.85003,7.18835,9,0.8
0.475,6.19758,3.88502,7.21025,9,0.8
0.48,6.18716,3.91139,7.22864,9,0.8
0.485,6.18973,3.92846,7.24309,9,0.8
0.49,6.1753,3.97304,7.26853,9,0.8
0.495,6.15982,4.01317,7.28831,9,0.8
0.5,6.14353,4.04827,7.30209,9,0.8
0.505,6.13853,4.06333,7.30494,9,0.8
0.51,6.12984,4.08819,7.30813,9,0.8
0.515,6.11795,4.12209,7.31148,9,0.8
0.52,6.13308,4.12618,7.30371,9,0.8
0.525,6.13671,4.1417,7.3154,9,0.8
0.53,6.1291,4.16872,7.34502,9,0.8
0.535,6.09863,4.23047,7.37934,9,0.8
0.54,6.06649,4.29603,7.41267,9,0.8
0.545,6.03426,4.36279,7.44418,9,0.8
0.55,6.03056,4.38482,7.4545,9,0.8
0.555,6.03107,4.40362,7.459,9,0.8
0.56,6.03362,4.42127,7.46059,9,0.8
0.565,6.01443,4.46224,7.49078,9,0.8
0.57,5.99441,4.50106,7.51616,9,0.8
0.575,5.97301,4.539,7.53721,9,0.8
0.58,5.94243,4.58627,7.55042,9,0.8
0.585,5.91668,4.63105,7.57132,9,0.8
0.59,5.89489,4.67425,7.5994,9,0.8
0.595,5.87785,4.71946,7.64424,9,0.8
0.6,5.86139,4.76243,7.68178,9,0.8
0.605,5.8457,4.80515,7.71336,9,0.8
0.61,5.83331,4.85883,7.73625,9,0.8
0.615,5.81722,4.91385,7.77183,9,0.8
0.62,5.7971,4.96975,7.81453,9,0.8
0.625,5.76456,5.0258,7.85031,9,0.8
0.63,5.73696,5.0808,7.88408,9,0.8
0.635,5.71209,5.13442,7.91715,9,0.8
0.64,5.68565,5.1832,7.95347,9,0.8
0.645,5.63907,5.25754,7.99699,9,0.8
0.65,5.58312,5.34656,8.04872,9,0.8
0.655,5.53774,5.43799,8.12432,9,0.8
0.66,5.50435,5.51837,8.18289,9,0.8
0.665,5.47295,5.59763,8.23186,9,0.8
0.67,5.41986,5.70067,8.27726,9,0.8
0.675,5.36639,5.79868,8.32785,9,0.8
0.68,5.31874,5.88877,8.3792,9,0.8
0.685,5.29855,5.95382,8.42244,9,0.8
0.69,5.27356,6.0353,8.46755,9,0.8
0.695,5.23946,6.1314,8.51803,9,0.8
0.7,5.17667,6.25715,8.58721,9,0.8
0.705,5.1156,6.37408,8.65655,9,0.8
0.71,5.05924,6.48315,8.71862,9,0.8
0.715,5.01785,6.57667,8.75297,9,0.8
0.72,4.96816,6.6972,8.80329,9,0.8
0.725,4.91426,6.82861,8.86064,9,0.8
0.73,4.85704,6.96066,8.92047,9,0.8
0.735,4.79715,7.09526,8.97066,9,0.8
0.74,4.73448,7.23252,9.01882,9,0.8
0.745,4.66613,7.37529,9.07177,9,0.8
0.75,4.59685,7.51321,9.12177,9,0.8
0.755,4.52311,7.6649,9.17552,9,0.8
0.76,4.43707,7.8619,9.24322,9,0.8
0.765,4.35688,8.05558,9.30177,9,0.8
0.77,4.28035,8.24302,9.35572,9,0.8
0.775,4.2086,8.41631,9.40497,9,0.8
0.78,4.13169,8.58816,9.45301,9,0.8
0.785,4.05283,8.76172,9.50016,9,0.8
0.79,3.97278,8.94061,9.54592,9,0.8
0.795,3.89795,9.13244,9.58217,9,0.8
0.8,3.82153,9.33783,9.6093,9,0.8
0.805,3.73808,9.56707,9.6209,9,0.8
0.81,3.65591,9.81209,9.63728,9,0.8
0.815,3.57651,10.0495,9.65777,9,0.8
0.82,3.50229,10.2618,9.68472,9,0.8
0.825,3.41412,10.5037,9.70008,9,0.8
0.83,3.32482,10.7558,9.70634,9,0.8
0.835,3.23924,11.0156,9.69915,9,0.8
0.84,3.16043,11.2593,9.69605,9,0.8
0.845,3.08129,11.5026,9.69413,9,0.8
0.85,2.99899,11.751,9.69293,9,0.8
0.855,2.91377,12.0173,9.67649,9,0.8
0.86,2.82832,12.298,9.65613,9,0.8
0.865,2.74334,12.599,9.63355,9,0.8
0.87,2.66575,12.8924,9.61162,9,0.8
0.875,2.58706,13.1875,9.58379,9,0.8
0.88,2.50438,13.4872,9.54589,9,0.8
0.885,2.42492,13.7704,9.50119,9,0.8
0.89,2.34754,14.055,9.4528,9,0.8
0.895,2.27262,14.3453,9.40008,9,0.8
0.9,2.19325,14.6505,9.33145,9,0.8
0.905,2.11292,14.9704,9.25112,9,0.8
0.91,2.03172,15.3096,9.15621,9,0.8
0.915,1.95053,15.6697,9.05071,9,0.8
0.92,1.86989,16.0126,8.94175,9,0.8
0.925,1.78964,16.3287,8.8294,9,0.8
0.93,1.70316,16.6644,8.71087,9,0.8
0.935,1.61389,17.0318,8.58802,9,0.8
0.94,1.52171,17.4383,8.46014,9,0.8
0.945,1.42438,17.8931,8.29536,9,0.8
0.95,1.32174,18.3689,8.10704,9,0.8
0.955,1.21293,18.867,7.89256,9,0.8
0.96,1.08895,19.3944,7.606,9,0.8
0.965,0.958525,19.9942,7.2773,9,0.8
0.97,0.821416,20.6764,6.90362,9,0.8
0.975,0.671947,21.4945,6.44977,9,0.8
0.98,0.521527,22.3835,5.92801,9,0.8
0.985,0.370547,23.3453,5.33467,9,0.8
0.99,0.229841,24.5091,4.48279,9,0.8
0.995,0.126754,25.4034,3.79222,9,0.8
1,0.061856,30.4694,3.27188,9,0.8
0,0.0900657,0.32847,1.75996,5,0.2
0.005,0.0889082,0.310067,1.777,5,0.2
0.01,0.0883119,0.291666,1.79404,5,0.2
0.015,0.0893953,0.279642,1.81707,5,0.2
0.02,0.0944266,0.282687,1.85424,5,0.2
0.025,0.100987,0.285733,1.89141,5,0.2
0.03,0.103499,0.287909,1.92215,5,0.2
0.035,0.103377,0.289493,1.94851,5,0.2
0.04,0.104196,0.291076,1.97487,5,0.2
0.045,0.0979949,0.29676,2.00391,5,0.2
0.05,0.091526,0.302941,2.03328,5,0.2
0.055,0.0867083,0.310066,2.06442,5,0.2
0.06,0.0871893,0.321241,2.10319,5,0.2
0.065,0.0899792,0.332415,2.14195,5,0.2
0.07,0.0972462,0.342654,2.17718,5,0.2
0.075,0.108201,0.351905,2.20869,5,0.2
0.08,0.11986,0.361155,2.2402,5,0.2
0.085,0.11853,0.369979,2.27638,5,0.2
0.09,0.114081,0.378684,2.31385,5,0.2
0.095,0.109437,0.387943,2.35353,5,0.2
0.1,0.0955494,0.403483,2.41835,5,0.2
0.105,0.082956,0.419022,2.48317,5,0.2
0.11,0.0718512,0.435807,2.54805,5,0.2
0.115,0.0611215,0.454636,2.61306,5,0.2
0.12,0.0512827,0.473465,2.67806,5,0.2
0.125,0.0448237,0.491277,2.71957,5,0.2
0.13,0.039942,0.508601,2.74979,5,0.2
0.135,0.0356698,0.525926,2.78002,5,0.2
0.14,0.0341648,0.545954,2.80863,5,0.2
0.145,0.0332456,0.566057,2.83718,5,0.2
0.15,0.0307614,0.586892,2.86917,5,0.2
0.155,0.025349,0.609704,2.91039,5,0.2
0.16,0.0258175,0.632516,2.95161,5,0.2
0.165,0.0292388,0.655846,3.0047,5,0.2
0.17,0.0405538,0.679572,3.06684,5,0.2
0.175,0.0571808,0.703297,3.12898,5,0.2
0.18,0.0768952,0.729366,3.18936,5,0.2
0.185,0.0987044,0.755801,3.24947,5,0.2
0.19,0.120439,0.783133,3.30625,5,0.2
0.195,0.137182,0.815101,3.34592,5,0.2
0.2,0.15399,0.847069,3.38558,5,0.2
0.205,0.163382,0.877049,3.41866,5,0.2
0.21,0.164391,0.904691,3.44402,5,0.2
0.215,0.165921,0.932332,3.46938,5,0.2
0.22,0.172964,0.957674,3.50062,5,0.2
0.225,0.182091,0.982275,3.53375,5,0.2
0.23,0.192032,1.00708,3.56757,5,0.2
0.235,0.209582,1.03536,3.6134,5,0.2
0.24,0.227778,1.06365,3.65922,5,0.2
0.245,0.244357,1.0925,3.6985,5,0.2
0.25,0.257454,1.12241,3.72567,5,0.2
0.255,0.270929,1.15231,3.75284,5,0.2
0.26,0.281509,1.18331,3.77121,5,0.2
0.265,0.290532,1.21491,3.78482,5,0.2
0.27,0.299702,1.2465,3.79843,5,0.2
0.275,0.308318,1.27882,3.82487,5,0.2
0.28,0.317084,1.31118,3.85205,5,0.2
0.285,0.325717,1.34406,3.87916,5,0.2
0.29,0.333452,1.37855,3.9061,5,0.2
0.295,0.341188,1.41304,3.93304,5,0.2
0.3,0.349805,1.45029,3.95681,5,0.2
0.305,0.359184,1.48987,3.97791,5,0.2
0.31,0.368578,1.52945,3.999,5,0.2
0.315,0.379695,1.5639,4.02764,5,0.2
0.32,0.391157,1.59735,4.05773,5,0.2
0.325,0.401722,1.63017,4.08524,5,0.2
0.33,0.406498,1.65895,4.09616,5,0.2
0.335,0.41131,1.68774,4.10708,5,0.2
0.34,0.416448,1.72334,4.12342,5,0.2
0.345,0.422036,1.76789,4.14687,5,0.2
0.35,0.427702,1.81244,4.17031,5,0.2
0.355,0.433038,1.86725,4.20793,5,0.2
0.36,0.438462,1.92587,4.2508,5,0.2
0.365,0.44382,1.98403,4.29274,5,0.2
0.37,0.437748,2.02578,4.30125,5,0.2
0.375,0.43171,2.06754,4.30976,5,0.2
0.38,0.427109,2.1048,4.31357,5,0.2
0.385,0.425485,2.13269,4.3076,5,0.2
0.39,0.423925,2.16058,4.30161,5,0.2
0.395,0.430353,2.19466,4.31007,5,0.2
0.4,0.44172,2.23253,4.32732,5,0.2
0.405,0.453206,2.27039,4.34457,5,0.2
0.41,0.458191,2.31395,4.35926,5,0.2
0.415,0.462606,2.35802,4.37373,5,0.2
0.42,0.465976,2.402,4.38821,5,0.2
0.425,0.465562,2.44568,4.40271,5,0.2
0.43,0.465195,2.48936,4.41721,5,0.2
0.435,0.466201,2.53355,4.42516,5,0.2
0.44,0.468595,2.57821,4.42689,5,0.2
0.445,0.471146,2.62288,4.42861,5,0.2
0.45,0.475662,2.66727,4.42787,5,0.2
0.455,0.480662,2.7116,4.42656,5,0.2
0.46,0.485094,2.7556,4.42719,5,0.2
0.465,0.484561,2.79692,4.44396,5,0.2
0.47,0.484248,2.83824,4.46072,5,0.2
0.475,0.480283,2.88337,4.47479,5,0.2
0.48,0.470743,2.93408,4.48489,5,0.2
0.485,0.46126,2.98478,4.495,5,0.2
0.49,0.457129,3.04305,4.5031,5,0.2
0.495,0.455337,3.10453,4.51035,5,0.2
0.5,0.453653,3.166,4.51759,5,0.2
0.505,0.453787,3.23075,4.52125,5,0.2
0.51,0.454158,3.29549,4.5249,5,0.2
0.515,0.453171,3.35894,4.5299,5,0.2
0.52,0.448534,3.41932,4.5381,5,0.2
0.525,0.443953,3.4797,4.5463,5,0.2
0.53,0.43482,3.53156,4.54558,5,0.2
0.535,0.422577,3.57761,4.53877,5,0.2
0.54,0.410362,3.62366,4.53196,5,0.2
0.545,0.40003,3.68606,4.51942,5,0.2
0.55,0.390023,3.75043,4.50619,5,0.2
0.555,0.381875,3.81865,4.49661,5,0.2
0.56,0.381286,3.90334,4.50272,5,0.2
0.565,0.38075,3.98803,4.50883,5,0.2
0.57,0.376243,4.06113,4.51048,5,0.2
0.575,0.367558,4.122,4.50741,5,0.2
0.58,0.358947,4.18288,4.50436,5,0.2
0.585,0.347893,4.23689,4.49572,5,0.2
0.59,0.336156,4.289,4.48555,5,0.2
0.595,0.325141,4.34294,4.47621,5,0.2
0.6,0.322244,4.41749,4.47631,5,0.2
0.605,0.319352,4.49204,4.47642,5,0.2
0.61,0.316048,4.56653,4.47642,5,0.2
0.615,0.312115,4.64091,4.47628,5,0.2
0.62,0.30826,4.7153,4.47614,5,0.2
0.625,0.301651,4.79366,4.47793,5,0.2
0.63,0.293729,4.87394,4.48065,5,0.2
0.635,0.285851,4.95421,4.48337,5,0.2
0.64,0.281069,5.05107,4.49136,5,0.2
0.645,0.276414,5.14839,4.4995,5,0.2
0.65,0.270702,5.24303,4.50474,5,0.2
0.655,0.262094,5.33043,4.50216,5,0.2
0.66,0.253584,5.41783,4.49957,5,0.2
0.665,0.24247,5.50636,4.49621,5,0.2
0.67,0.229346,5.59577,4.49227,5,0.2
0.675,0.21627,5.68518,4.48832,5,0.2
0.68,0.205234,5.77424,4.4791,5,0.2
0.685,0.194576,5.86324,4.46906,5,0.2
0.69,0.184408,5.94994,4.45778,5,0.2
0.695,0.176538,6.02471,4.44016,5,0.2
0.7,0.16895,6.09947,4.42254,5,0.2
0.705,0.160194,6.18225,4.4091,5,0.2
0.71,0.150007,6.27445,4.40058,5,0.2
0.715,0.140192,6.36665,4.39206,5,0.2
0.72,0.130379,6.48364,4.38672,5,0.2
0.725,0.120695,6.60859,4.38239,5,0.2
0.73,0.111526,6.73293,4.37742,5,0.2
0.735,0.10657,6.84644,4.3611,5,0.2
0.74,0.102247,6.95995,4.34479,5,0.2
0.745,0.0977719,7.07009,4.32792,5,0.2
0.75,0.0923816,7.17399,4.31006,5,0.2
0.755,0.0877358,7.27789,4.29219,5,0.2
0.76,0.082375,7.39612,4.2787,5,0.2
0.765,0.0781054,7.52211,4.26758,5,0.2
0.77,0.0763111,7.6481,4.25646,5,0.2
0.775,0.0765407,7.79422,4.24501,5,0.2
0.78,0.0784749,7.94149,4.23355,5,0.2
0.785,0.0812359,8.08593,4.22167,5,0.2
0.79,0.0827888,8.22159,4.2085,5,0.2
0.795,0.0852865,8.35725,4.19533,5,0.2
0.8,0.0895866,8.48344,4.17958,5,0.2
0.805,0.0957754,8.60156,4.16165,5,0.2
0.81,0.102954,8.71969,4.14371,5,0.2
0.815,0.11044,8.86179,4.12566,5,0.2
0.82,0.118016,9.00852,4.10758,5,0.2
0.825,0.125223,9.15803,4.09014,5,0.2
0.83,0.129533,9.32535,4.07682,5,0.2
0.835,0.13411,9.49266,4.0635,5,0.2
0.84,0.137838,9.65698,4.04938,5,0.2
0.845,0.140404,9.81737,4.03424,5,0.2
0.85,0.143237,9.97777,4.01909,5,0.2
0.855,0.147465,10.1396,3.99726,5,0.2
0.86,0.152244,10.302,3.97294,5,0.2
0.865,0.157001,10.4647,3.94859,5,0.2
0.87,0.15752,10.6388,3.92272,5,0.2
0.875,0.158238,10.8129,3.89685,5,0.2
0.88,0.158325,10.9852,3.87078,5,0.2
0.885,0.156972,11.1536,3.84427,5,0.2
0.89,0.155954,11.3221,3.81776,5,0.2
0.895,0.155397,11.5046,3.78782,5,0.2
0.9,0.155247,11.6956,3.75579,5,0.2
0.905,0.155425,11.8866,3.72375,5,0.2
0.91,0.154184,12.0821,3.68347,5,0.2
0.915,0.153117,12.2779,3.64245,5,0.2
0.92,0.151988,12.4681,3.59952,5,0.2
0.925,0.149837,12.6382,3.54965,5,0.2
0.93,0.14818,12.8082,3.49977,5,0.2
0.935,0.143757,12.9807,3.44647,5,0.2
0.94,0.137025,13.1556,3.38993,5,0.2
0.945,0.131286,13.3305,3.33338,5,0.2
0.95,0.124215,13.5111,3.26636,5,0.2
0.955,0.118129,13.6931,3.19689,5,0.2
0.96,0.113719,13.8733,3.12412,5,0.2
0.965,0.109569,14.0388,3.02405,5,0.2
0.97,0.106777,14.2044,2.92398,5,0.2
0.975,0.102927,14.3422,2.80541,5,0.2
0.98,0.0964852,14.4393,2.6597,5,0.2
0.985,0.0911372,14.5364,2.51399,5,0.2
0.99,0.0868365,14.693,2.4101,5,0.2
0.995,0.0829034,14.8748,2.32389,5,0.2
1,0.079326,15.0565,2.23769,5,0.2
0,0.156208,0.325366,1.80852,5,0.5
0.005,0.164235,0.307046,1.83553,5,0.5
0.01,0.172303,0.288726,1.86254,5,0.5
0.015,0.179794,0.277114,1.89594,5,0.5
0.02,0.186079,0.281354,1.94448,5,0.5
0.025,0.192691,0.285594,1.99302,5,0.5
0.03,0.193389,0.29185,2.03593,5,0.5
0.035,0.189988,0.299481,2.07502,5,0.5
0.04,0.186689,0.307111,2.1141,5,0.5
0.045,0.177177,0.316809,2.1606,5,0.5
0.05,0.167066,0.326758,2.208,5,0.5
0.055,0.156199,0.337292,2.25988,5,0.5
0.06,0.141583,0.350338,2.33096,5,0.5
0.065,0.127537,0.363385,2.40203,5,0.5
0.07,0.111273,0.381097,2.48041,5,0.5
0.075,0.0964971,0.403735,2.56651,5,0.5
0.08,0.0899952,0.426372,2.65261,5,0.5
0.085,0.0964841,0.452993,2.73977,5,0.5
0.09,0.114022,0.480711,2.82722,5,0.5
0.095,0.138051,0.508403,2.91624,5,0.5
0.1,0.165063,0.535789,3.02291,5,0.5
0.105,0.194192,0.563175,3.12958,5,0.5
0.11,0.228345,0.594023,3.24599,5,0.5
0.115,0.269356,0.630557,3.37841,5,0.5
0.12,0.310783,0.66709,3.51081,5,0.5
0.125,0.353521,0.70641,3.6287,5,0.5
0.13,0.396982,0.747068,3.73961,5,0.5
0.135,0.440608,0.787725,3.85053,5,0.5
0.14,0.484795,0.819608,3.94771,5,0.5
0.145,0.529047,0.851247,4.04451,5,0.5
0.15,0.574077,0.884012,4.14253,5,0.5
0.155,0.621154,0.919817,4.24382,5,0.5
0.16,0.668286,0.955621,4.34511,5,0.5
0.165,0.711051,0.995323,4.4338,5,0.5
0.17,0.750489,1.03799,4.51289,5,0.5
0.175,0.789954,1.08066,4.59198,5,0.5
0.18,0.821056,1.11954,4.66917,5,0.5
0.185,0.850962,1.15782,4.74606,5,0.5
0.19,0.880615,1.19699,4.82438,5,0.5
0.195,0.908532,1.2408,4.91017,5,0.5
0.2,0.936603,1.2846,4.99596,5,0.5
0.205,0.962579,1.32979,5.07494,5,0.5
0.21,0.986019,1.37664,5.14591,5,0.5
0.215,1.00954,1.42348,5.21688,5,0.5
0.22,1.03047,1.46706,5.27376,5,0.5
0.225,1.0507,1.50959,5.32611,5,0.5
0.23,1.07168,1.55196,5.37845,5,0.5
0.235,1.10365,1.59158,5.43055,5,0.5
0.24,1.13572,1.63119,5.48266,5,0.5
0.245,1.16827,1.67048,5.53675,5,0.5
0.25,1.20171,1.70915,5.59453,5,0.5
0.255,1.23536,1.74783,5.65231,5,0.5
0.26,1.26358,1.79139,5.71351,5,0.5
0.265,1.28885,1.83759,5.77657,5,0.5
0.27,1.31417,1.88378,5.83962,5,0.5
0.275,1.32915,1.92715,5.8966,5,0.5
0.28,1.34363,1.97035,5.95324,5,0.5
0.285,1.35677,2.01291,6.00502,5,0.5
0.29,1.36559,2.05343,6.04168,5,0.5
0.295,1.3745,2.09396,6.07835,5,0.5
0.3,1.38343,2.13852,6.10333,5,0.5
0.305,1.39233,2.18652,6.11836,5,0.5
0.31,1.40128,2.23451,6.1334,5,0.5
0.315,1.41177,2.28186,6.1534,5,0.5
0.32,1.42261,2.32909,6.17435,5,0.5
0.325,1.43335,2.37619,6.19615,5,0.5
0.33,1.44302,2.42252,6.22331,5,0.5
0.335,1.45278,2.46884,6.25048,5,0.5
0.34,1.46064,2.51572,6.27384,5,0.5
0.345,1.46594,2.5633,6.29222,5,0.5
0.35,1.47128,2.61088,6.3106,5,0.5
0.355,1.47666,2.65593,6.3316,5,0.5
0.36,1.48211,2.70003,6.35358,5,0.5
0.365,1.4876,2.74414,6.3758,5,0.5
0.37,1.49179,2.78879,6.40693,5,0.5
0.375,1.49602,2.83343,6.43806,5,0.5
0.38,1.50175,2.88009,6.47215,5,0.5
0.385,1.51061,2.93095,6.51241,5,0.5
0.39,1.51952,2.9818,6.55267,5,0.5
0.395,1.52726,3.03144,6.58135,5,0.5
0.4,1.5343,3.08034,6.60297,5,0.5
0.405,1.54138,3.12924,6.6246,5,0.5
0.41,1.5434,3.17676,6.64497,5,0.5
0.415,1.54504,3.22415,6.66522,5,0.5
0.42,1.54621,3.27271,6.68747,5,0.5
0.425,1.54546,3.32551,6.71697,5,0.5
0.43,1.54471,3.3783,6.74646,5,0.5
0.435,1.54231,3.43229,6.77023,5,0.5
0.44,1.53835,3.48741,6.78857,5,0.5
0.445,1.53439,3.54253,6.80692,5,0.5
0.45,1.52655,3.60308,6.81956,5,0.5
0.455,1.51783,3.66491,6.83087,5,0.5
0.46,1.50942,3.72633,6.84229,5,0.5
0.465,1.50334,3.78447,6.85462,5,0.5
0.47,1.49726,3.84262,6.86695,5,0.5
0.475,1.48924,3.90103,6.87056,5,0.5
0.48,1.47841,3.95984,6.86139,5,0.5
0.485,1.46761,4.01864,6.85221,5,0.5
0.49,1.4561,4.07947,6.85059,5,0.5
0.495,1.44433,4.14116,6.85216,5,0.5
0.5,1.43263,4.20284,6.85372,5,0.5
0.505,1.43275,4.25278,6.8796,5,0.5
0.51,1.43288,4.30272,6.90547,5,0.5
0.515,1.43179,4.35362,6.92502,5,0.5
0.52,1.42779,4.40675,6.92961,5,0.5
0.525,1.42383,4.45989,6.9342,5,0.5
0.53,1.41374,4.52801,6.93381,5,0.5
0.535,1.39951,4.60634,6.93001,5,0.5
0.54,1.38535,4.68467,6.92622,5,0.5
0.545,1.37121,4.77185,6.92654,5,0.5
0.55,1.35711,4.86011,6.92736,5,0.5
0.555,1.34523,4.94425,6.93005,5,0.5
0.56,1.3427,5.01078,6.94075,5,0.5
0.565,1.34019,5.07732,6.95145,5,0.5
0.57,1.33655,5.14176,6.96596,5,0.5
0.575,1.33171,5.20399,6.98448,5,0.5
0.58,1.32688,5.26621,7.003,5,0.5
0.585,1.31471,5.33933,7.02173,5,0.5
0.59,1.30059,5.41544,7.04051,5,0.5
0.595,1.28684,5.49125,7.0578,5,0.5
0.6,1.27628,5.56348,7.05814,5,0.5
0.605,1.26574,5.63571,7.05849,5,0.5
0.61,1.25429,5.71098,7.05506,5,0.5
0.615,1.24133,5.79123,7.04542,5,0.5
0.62,1.22839,5.87148,7.03579,5,0.5
0.625,1.21232,5.96447,7.03032,5,0.5
0.63,1.19479,6.06357,7.02686,5,0.5
0.635,1.17732,6.16268,7.02339,5,0.5
0.64,1.16563,6.25211,7.02467,5,0.5
0.645,1.15416,6.34128,7.02608,5,0.5
0.65,1.14232,6.43057,7.02765,5,0.5
0.655,1.12939,6.52016,7.02964,5,0.5
0.66,1.11652,6.60975,7.03163,5,0.5
0.665,1.0993,6.71086,7.026,5,0.5
0.67,1.0788,6.82076,7.01458,5,0.5
0.675,1.05837,6.93065,7.00315,5,0.5
0.68,1.03831,7.02932,6.98503,5,0.5
0.685,1.0184,7.12624,6.96586,5,0.5
0.69,0.998699,7.22235,6.94621,5,0.5
0.695,0.979616,7.31435,6.92402,5,0.5
0.7,0.960645,7.40634,6.90182,5,0.5
0.705,0.944008,7.50818,6.88546,5,0.5
0.71,0.930082,7.6216,6.87595,5,0.5
0.715,0.916259,7.73502,6.86645,5,0.5
0.72,0.903872,7.84746,6.85726,5,0.5
0.725,0.892028,7.95959,6.84818,5,0.5
0.73,0.880137,8.0711,6.83888,5,0.5
0.735,0.8654,8.1718,6.82581,5,0.5
0.74,0.850771,8.2725,6.81274,5,0.5
0.745,0.835864,8.37634,6.8001,5,0.5
0.75,0.820356,8.48597,6.78827,5,0.5
0.755,0.804973,8.59561,6.77643,5,0.5
0.76,0.788171,8.71453,6.76015,5,0.5
0.765,0.770649,8.83849,6.74146,5,0.5
0.77,0.753252,8.96245,6.72276,5,0.5
0.775,0.736684,9.08841,6.70562,5,0.5
0.78,0.720253,9.21449,6.68856,5,0.5
0.785,0.704133,9.34325,6.67187,5,0.5
0.79,0.688741,9.48036,6.65633,5,0.5
0.795,0.673405,9.61747,6.64079,5,0.5
0.8,0.656919,9.75474,6.61544,5,0.5
0.805,0.639508,9.89215,6.58176,5,0.5
0.81,0.62222,10.0296,6.54808,5,0.5
0.815,0.6058,10.1637,6.5112,5,0.5
0.82,0.589731,10.2972,6.4737,5,0.5
0.825,0.574235,10.4284,6.43754,5,0.5
0.83,0.561065,10.5453,6.40998,5,0.5
0.835,0.547965,10.6622,6.38242,5,0.5
0.84,0.533529,10.7817,6.35163,5,0.5
0.845,0.517272,10.9046,6.3166,5,0.5
0.85,0.501033,11.0274,6.28158,5,0.5
0.855,0.481164,11.1903,6.24516,5,0.5
0.86,0.459972,11.3679,6.20823,5,0.5
0.865,0.438784,11.5459,6.17116,5,0.5
0.87,0.416528,11.7348,6.1292,5,0.5
0.875,0.394307,11.9237,6.08723,5,0.5
0.88,0.37233,12.1073,6.04273,5,0.5
0.885,0.350798,12.2798,5.99295,5,0.5
0.89,0.329273,12.4524,5.94317,5,0.5
0.895,0.306842,12.6286,5.88323,5,0.5
0.9,0.283908,12.807,5.81711,5,0.5
0.905,0.261052,12.9853,5.75099,5,0.5
0.91,0.237224,13.1846,5.67153,5,0.5
0.915,0.213874,13.3857,5.5909,5,0.5
0.92,0.191181,13.5935,5.50714,5,0.5
0.925,0.169245,13.8254,5.41204,5,0.5
0.93,0.149283,14.0572,5.31694,5,0.5
0.935,0.131912,14.2945,5.20923,5,0.5
0.94,0.119194,14.5368,5.08958,5,0.5
0.945,0.113331,14.7792,4.96993,5,0.5
0.95,0.114595,15.0263,4.82906,5,0.5
0.955,0.122664,15.2746,4.68325,5,0.5
0.96,0.135799,15.5271,4.53222,5,0.5
0.965,0.146771,15.8141,4.33817,5,0.5
0.97,0.159129,16.1012,4.14413,5,0.5
0.975,0.166191,16.3782,3.9141,5,0.5
0.98,0.164265,16.6407,3.63129,5,0.5
0.985,0.16247,16.9032,3.34848,5,0.5
0.99,0.15724,17.4955,3.14575,5,0.5
0.995,0.15055,18.2274,2.97689,5,0.5
1,0.143898,18.9593,2.80805,5,0.5
0,0.267899,0.27829,1.86506,5,0.8
0.005,0.260603,0.273572,1.91506,5,0.8
0.01,0.253464,0.268854,1.96506,5,0.8
0.015,0.234025,0.275243,2.04955,5,0.8
0.02,0.192361,0.307885,2.21558,5,0.8
0.025,0.167916,0.340525,2.3816,5,0.8
0.03,0.189853,0.389233,2.60186,5,0.8
0.035,0.283932,0.448895,2.8591,5,0.8
0.04,0.402976,0.508557,3.11633,5,0.8
0.045,0.564025,0.584899,3.39533,5,0.8
0.05,0.731278,0.663262,3.67696,5,0.8
0.055,0.899186,0.742981,3.95363,5,0.8
0.06,1.06632,0.82852,4.20899,5,0.8
0.065,1.23346,0.914058,4.46434,5,0.8
0.07,1.39409,0.997073,4.70042,5,0.8
0.075,1.548,1.07743,4.91615,5,0.8
0.08,1.70207,1.15778,5.13187,5,0.8
0.085,1.8467,1.23322,5.3254,5,0.8
0.09,1.98893,1.3073,5.5128,5,0.8
0.095,2.12837,1.38179,5.69799,5,0.8
0.1,2.23425,1.4609,5.85823,5,0.8
0.105,2.34046,1.54001,6.01847,5,0.8
0.11,2.44267,1.61295,6.1658,5,0.8
0.115,2.53814,1.67576,6.29193,5,0.8
0.12,2.63392,1.73857,6.41805,5,0.8
0.125,2.72907,1.79232,6.52662,5,0.8
0.13,2.824,1.84171,6.62675,5,0.8
0.135,2.91909,1.89111,6.72688,5,0.8
0.14,2.98121,1.94985,6.80431,5,0.8
0.145,3.04259,2.00884,6.88111,5,0.8
0.15,3.1025,2.0661,6.95373,5,0.8
0.155,3.15814,2.11868,7.01507,5,0.8
0.16,3.21395,2.17126,7.0764,5,0.8
0.165,3.26996,2.221,7.13966,5,0.8
0.17,3.32611,2.26858,7.20437,5,0.8
0.175,3.38238,2.31616,7.26909,5,0.8
0.18,3.43015,2.36538,7.33154,5,0.8
0.185,3.47671,2.41486,7.39364,5,0.8
0.19,3.52298,2.46406,7.45491,5,0.8
0.195,3.56722,2.51183,7.51192,5,0.8
0.2,3.61157,2.5596,7.56892,5,0.8
0.205,3.6491,2.60876,7.62123,5,0.8
0.21,3.67854,2.65956,7.66801,5,0.8
0.215,3.70805,2.71035,7.7148,5,0.8
0.22,3.7365,2.75888,7.75375,5,0.8
0.225,3.76468,2.80667,7.79019,5,0.8
0.23,3.79296,2.85436,7.8265,5,0.8
0.235,3.82109,2.90034,7.86055,5,0.8
0.24,3.84929,2.94632,7.89461,5,0.8
0.245,3.87626,2.9908,7.92573,5,0.8
0.25,3.90089,3.03249,7.95143,5,0.8
0.255,3.92557,3.07418,7.97712,5,0.8
0.26,3.94526,3.11694,7.99969,5,0.8
0.265,3.9623,3.16028,8.02056,5,0.8
0.27,3.9794,3.20362,8.04143,5,0.8
0.275,3.98864,3.25278,8.07259,5,0.8
0.28,3.99747,3.30227,8.10435,5,0.8
0.285,4.00672,3.35046,8.13697,5,0.8
0.29,4.01721,3.3946,8.17229,5,0.8
0.295,4.02773,3.43874,8.20761,5,0.8
0.3,4.03662,3.48368,8.23689,5,0.8
0.305,4.04413,3.52929,8.26104,5,0.8
0.31,4.0517,3.57491,8.28518,5,0.8
0.315,4.05478,3.63112,8.31301,5,0.8
0.32,4.05703,3.68937,8.34154,5,0.8
0.325,4.06072,3.74595,8.37063,5,0.8
0.33,4.07341,3.79182,8.4033,5,0.8
0.335,4.08613,3.83769,8.43596,5,0.8
0.34,4.09734,3.8821,8.46658,5,0.8
0.345,4.10656,3.92458,8.4945,5,0.8
0.35,4.11581,3.96707,8.52241,5,0.8
0.355,4.1172,4.01809,8.54691,5,0.8
0.36,4.11569,4.07229,8.57014,5,0.8
0.365,4.11427,4.12642,8.59319,5,0.8
0.37,4.11488,4.1783,8.6097,5,0.8
0.375,4.11552,4.23018,8.62621,5,0.8
0.38,4.11331,4.28423,8.64268,5,0.8
0.385,4.10517,4.3428,8.65904,5,0.8
0.39,4.09706,4.40136,8.6754,5,0.8
0.395,4.09253,4.45246,8.68985,5,0.8
0.4,4.09019,4.49901,8.70313,5,0.8
0.405,4.0879,4.54556,8.71641,5,0.8
0.41,4.09341,4.58432,8.73616,5,0.8
0.415,4.09961,4.6224,8.75647,5,0.8
0.42,4.10571,4.66065,8.77767,5,0.8
0.425,4.11139,4.69952,8.80207,5,0.8
0.43,4.11708,4.73839,8.82647,5,0.8
0.435,4.11101,4.78619,8.84607,5,0.8
0.44,4.09382,4.84245,8.86113,5,0.8
0.445,4.07666,4.89871,8.8762,5,0.8
0.45,4.04881,4.96682,8.89401,5,0.8
0.455,4.0185,5.03771,8.91246,5,0.8
0.46,3.9896,5.10812,8.93203,5,0.8
0.465,3.97196,5.17462,8.96085,5,0.8
0.47,3.95434,5.24113,8.98968,5,0.8
0.475,3.93376,5.31191,9.01393,5,0.8
0.48,3.90881,5.38896,9.03146,5,0.8
0.485,3.88389,5.46601,9.04899,5,0.8
0.49,3.86,5.53744,9.06243,5,0.8
0.495,3.83657,5.60649,9.07415,5,0.8
0.5,3.81316,5.67554,9.08586,5,0.8
0.505,3.79957,5.73963,9.11596,5,0.8
0.51,3.78601,5.80372,9.14606,5,0.8
0.515,3.77114,5.86965,9.17535,5,0.8
0.52,3.75319,5.93991,9.20272,5,0.8
0.525,3.73528,6.01017,9.23009,5,0.8
0.53,3.71501,6.07645,9.24577,5,0.8
0.535,3.69313,6.14001,9.25347,5,0.8
0.54,3.67127,6.20356,9.26118,5,0.8
0.545,3.64266,6.28128,9.26516,5,0.8
0.55,3.61327,6.36071,9.26868,5,0.8
0.555,3.58626,6.43838,9.27362,5,0.8
0.56,3.56929,6.50851,9.28461,5,0.8
0.565,3.55235,6.57864,9.29561,5,0.8
0.57,3.53683,6.64364,9.30645,5,0.8
0.575,3.52281,6.70324,9.31715,5,0.8
0.58,3.50883,6.76284,9.32784,5,0.8
0.585,3.49065,6.82538,9.33385,5,0.8
0.59,3.47134,6.88873,9.33856,5,0.8
0.595,3.45133,6.95416,9.34385,5,0.8
0.6,3.42302,7.04325,9.35575,5,0.8
0.605,3.39473,7.13234,9.36764,5,0.8
0.61,3.36276,7.2271,9.37894,5,0.8
0.615,3.32473,7.33118,9.38928,5,0.8
0.62,3.28673,7.43527,9.39961,5,0.8
0.625,3.25721,7.52207,9.40976,5,0.8
0.63,3.23177,7.60056,9.41982,5,0.8
0.635,3.20636,7.67906,9.42989,5,0.8
0.64,3.17666,7.76928,9.43738,5,0.8
0.645,3.1469,7.85983,9.44481,5,0.8
0.65,3.11593,7.95386,9.44965,5,0.8
0.655,3.08159,8.05729,9.44755,5,0.8
0.66,3.04731,8.16072,9.44544,5,0.8
0.665,3.01569,8.26406,9.44359,5,0.8
0.67,2.98608,8.36733,9.44193,5,0.8
0.675,2.95652,8.4706,9.44027,5,0.8
0.68,2.92751,8.57272,9.43621,5,0.8
0.685,2.89861,8.67466,9.43177,5,0.8
0.69,2.86891,8.77799,9.42706,5,0.8
0.695,2.83496,8.88851,9.42097,5,0.8
0.7,2.80108,8.99903,9.41489,5,0.8
0.705,2.76733,9.1066,9.40904,5,0.8
0.71,2.73375,9.21069,9.40346,5,0.8
0.715,2.70031,9.31479,9.39788,5,0.8
0.72,2.6704,9.40953,9.38894,5,0.8
0.725,2.64171,9.50126,9.37891,5,0.8
0.73,2.61303,9.59359,9.36861,5,0.8
0.735,2.58295,9.69633,9.35344,5,0.8
0.74,2.55292,9.79907,9.33826,5,0.8
0.745,2.52149,9.90729,9.32197,5,0.8
0.75,2.48744,10.0256,9.30362,5,0.8
0.755,2.45347,10.1439,9.28528,5,0.8
0.76,2.42005,10.2591,9.26338,5,0.8
0.765,2.387,10.3725,9.23957,5,0.8
0.77,2.35408,10.4859,9.21575,5,0.8
0.775,2.31999,10.5988,9.18878,5,0.8
0.78,2.28593,10.7117,9.16164,5,0.8
0.785,2.25211,10.8252,9.13467,5,0.8
0.79,2.21888,10.9407,9.10825,5,0.8
0.795,2.18575,11.0561,9.08183,5,0.8
0.8,2.15608,11.1696,9.05984,5,0.8
0.805,2.12931,11.2814,9.04161,5,0.8
0.81,2.10258,11.3932,9.02339,5,0.8
0.815,2.07156,11.5279,8.99947,5,0.8
0.82,2.03974,11.667,8.97446,5,0.8
0.825,2.00768,11.8063,8.94655,5,0.8
0.83,1.9737,11.9465,8.90013,5,0.8
0.835,1.9398,12.0867,8.85371,5,0.8
0.84,1.9051,12.2267,8.80743,5,0.8
0.845,1.8693,12.3663,8.76134,5,0.8
0.85,1.83355,12.506,8.71524,5,0.8
0.855,1.79169,12.6584,8.6629,5,0.8
0.86,1.74762,12.8155,8.60825,5,0.8
0.865,1.70355,12.9732,8.55333,5,0.8
0.87,1.65663,13.1515,8.48905,5,0.8
0.875,1.60981,13.3297,8.42477,5,0.8
0.88,1.56262,13.5162,8.35887,5,0.8
0.885,1.51451,13.7198,8.28963,5,0.8
0.89,1.46649,13.9234,8.22038,5,0.8
0.895,1.41461,14.1332,8.13722,5,0.8
0.9,1.36038,14.3467,8.04558,5,0.8
0.905,1.30625,14.5603,7.95394,5,0.8
0.91,1.24674,14.7928,7.84679,5,0.8
0.915,1.1868,15.0269,7.73827,5,0.8
0.92,1.12549,15.2702,7.62356,5,0.8
0.925,1.05905,15.5467,7.48638,5,0.8
0.93,0.992644,15.8232,7.3492,5,0.8
0.935,0.919582,16.1413,7.18394,5,0.8
0.94,0.840213,16.4989,6.99208,5,0.8
0.945,0.760899,16.8565,6.80023,5,0.8
0.95,0.677299,17.2671,6.55781,5,0.8
0.955,0.592772,17.69,6.30359,5,0.8
0.96,0.508661,18.124,6.04214,5,0.8
0.965,0.426961,18.6483,5.721,5,0.8
0.97,0.345262,19.1727,5.39987,5,0.8
0.975,0.267837,19.7341,5.02816,5,0.8
0.98,0.196883,20.3499,4.58226,5,0.8
0.985,0.126631,20.9658,4.13636,5,0.8
0.99,0.0856489,22.7529,3.81669,5,0.8
0.995,0.0584758,25.0356,3.55043,5,0.8
1,0.0381161,27.3183,3.28417,5,0.8
